system;element;norm;unit;note
С 111;ГСП 12,5 мм;2,0;м2;
С 111;Профиль направляющий ПН 50/75/100х40;0,7 [1,3];пог.м;
С 111;Профиль стоечный ПС 50/75/100х50;2,0;пог.м;
С 111;Минеральная звукоизоляция;1,0;м2;по проекту
С 111;Шуруп TN 25;29 [34];шт;
С 111;Шпаклёвка КНАУФ-Фуген;0,6 [0,9];кг;
С 111;Лента армирующая;1,5 [2,2];пог.м;
С 111;Дюбель-гвоздь 6х40;1,6;шт;
С 111;Лента уплотнительная;1,2;пог.м;
С 111;Грунтовка КНАУФ-Тифенгрунд;0,2;л;
С 111;Профиль углозащитный ПУ;по потребности;;
С 111;Лента разделительная;по потребности;;
С 112;ГСП 12,5 мм;4,0;м2;
С 112;Профиль направляющий ПН 50/75/100х40;0,7;пог.м;
С 112;Профиль стоечный ПС 50/75/100х50;2,0;пог.м;
С 112;Минеральная звукоизоляция;1,0;м2;по проекту
С 112;Шуруп TN 25;13 [14];шт;
С 112;Шуруп TN 35;29 [30];шт;
С 112;Шпаклёвка КНАУФ-Фуген;1,0 [1,5];кг;
С 112;Лента армирующая;1,5 [2,2];пог.м;
С 112;Дюбель-гвоздь 6х40;1,6;шт;
С 112;Лента уплотнительная;1,2;пог.м;
С 112;Грунтовка КНАУФ-Тифенгрунд;0,2;л;
С 112;Профиль углозащитный ПУ;по потребности;;
С 112;Лента разделительная;по потребности;;
С 113;ГСП 12,5 мм;6,0;м2;
С 113;Профиль направляющий ПН 100х40;0,7;пог.м;
С 113;Профиль стоечный ПС 100х50;2,0;пог.м;
С 113;Минеральная звукоизоляция;1,0;м2;по проекту
С 113;Шуруп TN 25;13 [14];шт;
С 113;Шуруп TN 35;21 [22];шт;
С 113;Шуруп TN 55;29 [30];шт;
С 113;Шпаклёвка КНАУФ-Фуген;1,4 [2,0];кг;
С 113;Лента армирующая;1,5 [2,2];пог.м;
С 113;Дюбель-гвоздь 6х40;1,6;шт;
С 113;Лента уплотнительная;1,2;пог.м;
С 113;Грунтовка КНАУФ-Тифенгрунд;0,2;л;
С 115;ГСП 12,5 мм;4,0;м2;
С 115;Профиль направляющий ПН 50/75/100х40;1,4;пог.м;
С 115;Профиль стоечный ПС 50/75/100х50;4,0;пог.м;
С 115;Минеральная звукоизоляция;1,0;м2;по проекту
С 115;Шуруп TN 25;13 [14];шт;
С 115;Шуруп TN 35;29 [30];шт;
С 115;Шпаклёвка КНАУФ-Фуген;1,0 [1,5];кг;
С 115;Лента армирующая;1,5 [2,2];пог.м;
С 115;Дюбель-гвоздь 6х40;3,2;шт;
С 115;Лента уплотнительная;2,4 + 0,5;пог.м;
С 115;Грунтовка КНАУФ-Тифенгрунд;0,2;л;
С 116;ГСП 12,5 мм;4,1;м2;
С 116;Профиль направляющий ПН 50/75/100х40;1,4;пог.м;
С 116;Профиль стоечный ПС 50/75/100х50;4,0;пог.м;
С 116;Минеральная звукоизоляция;1,0;м2;
С 116;Шуруп TN 25;18;шт;
С 116;Шуруп TN 35;29;шт;
С 116;Шпаклёвка КНАУФ-Фуген;1,4;кг;
С 116;Лента армирующая;2,0;пог.м;
С 116;Дюбель-гвоздь 6х40;3,2;шт;
С 116;Лента уплотнительная;2,4;пог.м;
С 116;Грунтовка КНАУФ-Тифенгрунд;0,2;л;
С 611;ГСП;1,0;м2;
С 611;Лента армирующая;0,75;пог.м;
С 611;КНАУФ-Фуген для швов;0,3;кг;
С 611;КНАУФ-Фуген как клей (ровное основание);0,8;кг;варианты А и В
С 611;КНАУФ-Перлфикс;3,5;кг;варианты Б и В
С 611;Полосы ГСП шириной 100 мм;2,6;пог.м;вариант В
С 611;КНАУФ-Тифенгрунд;0,1;л;
С 611;Профиль углозащитный ПУ;по потребности;;
С 623 (1 слой);ГСП 12,5 мм;1,0;м2;
С 623 (1 слой);Профиль ПП 60х27;2,0 [2,4];пог.м;
С 623 (1 слой);Профиль ПН 28х27;0,7;пог.м;
С 623 (1 слой);Подвес прямой 60х27;0,7;шт;
С 623 (1 слой);Лента уплотнительная под подвес;0,1;пог.м;
С 623 (1 слой);Минеральная звукоизоляция;1,0;м2;по проекту
С 623 (1 слой);Дюбель-гвоздь 6х40;1,6;шт;
С 623 (1 слой);Шуруп LN 9;1,4;шт;
С 623 (1 слой);Шуруп TN 25;14;шт;
С 623 (1 слой);Лента армирующая;0,75 [1,1];пог.м;
С 623 (1 слой);КНАУФ-Фуген;0,3 [0,45];кг;
С 623 (1 слой);КНАУФ-Тифенгрунд;0,1;л;
С 623 (2 слоя);ГСП 12,5 мм;2,0;м2;
С 623 (2 слоя);Профиль ПП 60х27;2,0;пог.м;
С 623 (2 слоя);Профиль ПН 28х27;0,7;пог.м;
С 623 (2 слоя);Подвес прямой 60х27;0,7;шт;
С 623 (2 слоя);Лента уплотнительная под подвес;0,1;пог.м;
С 623 (2 слоя);Минеральная звукоизоляция;1,0;м2;по проекту
С 623 (2 слоя);Дюбель-гвоздь 6х40;1,6;шт;
С 623 (2 слоя);Шуруп LN 9;1,4;шт;
С 623 (2 слоя);Шуруп TN 25;6;шт;
С 623 (2 слоя);Шуруп TN 35;14;шт;
С 623 (2 слоя);Лента армирующая;0,75 [1,1];пог.м;
С 623 (2 слоя);КНАУФ-Фуген;0,5 [0,75];кг;
С 623 (2 слоя);КНАУФ-Тифенгрунд;0,1;л;
С 625;ГСП 12,5 мм;1,0;м2;
С 625;Профиль направляющий ПН 75/100х40;0,7 [1,1];пог.м;
С 625;Профиль стоечный ПС 75/100х50;2,0;пог.м;
С 625;Минеральная звукоизоляция;1,0;м2;по проекту
С 625;Шуруп TN 25;14 [17];шт;
С 625;КНАУФ-Фуген;0,35 [0,45];кг;
С 625;Лента армирующая;0,75 [1,1];пог.м;
С 625;Дюбель-гвоздь 6х40;1,6;шт;
С 625;Лента уплотнительная;1,2;пог.м;
С 625;КНАУФ-Тифенгрунд;0,1;л;
С 626;ГСП 12,5 мм;2,0;м2;
С 626;Профиль направляющий ПН 50/75/100х40;0,7;пог.м;
С 626;Профиль стоечный ПС 50/75/100х50;2,0;пог.м;
С 626;Минеральная звукоизоляция;1,0;м2;по проекту
С 626;Шуруп TN 25;6 [7];шт;
С 626;Шуруп TN 35;14 [15];шт;
С 626;КНАУФ-Фуген;0,5 [0,75];кг;
С 626;Лента армирующая;0,75 [1,1];пог.м;
С 626;Дюбель-гвоздь 6х40;1,6;шт;
С 626;Лента уплотнительная;1,2;пог.м;
С 626;КНАУФ-Тифенгрунд;0,1;л;
П 111;ГСП;1,0;м2;
П 111;Брусок основной 30х50;1,3;пог.м;
П 111;Брусок несущий 30х50;2,1;пог.м;
П 111;Подвес прямой для брусков;1,3;шт;
П 111;Шуруп TN(W) 3,5х25 для подвеса;2,6;шт;
П 111;Шуруп TN 3,5х35 для ГСП;17;шт;
П 111;Шуруп TN(W) для соединения брусков;2,7;шт;
П 111;Анкер-клин для ж/б потолка;1,3;шт;
П 111;Шпаклёвка КНАУФ для стыков;0,4;кг;
П 111;Лента армирующая;1,2;пог.м;
П 111;КНАУФ-Тифенгрунд;0,1;л;
П 112;ГСП 12,5 мм;1,0;м2;
П 112;Профиль ПП 60х27;3,2;пог.м;
П 112;Удлинитель профилей;0,6;шт;
П 112;Соединитель двухуровневый;2,3;шт;
П 112;Подвес с зажимом и тягой / Нониус;1,3;шт;
П 112;Шуруп LN 9 (при прямом подвесе);2,6;шт;
П 112;Шуруп TN 25;17;шт;
П 112;Анкерный элемент;1,3;шт;
П 112;Лента армирующая;1,2;пог.м;
П 112;КНАУФ-Фуген;0,4;кг;
П 112;КНАУФ-Тифенгрунд;0,1;л;
П 113;ГСП 12,5 мм;1,0;м2;
П 113;Профиль ПП 60х27;2,9;пог.м;
П 113;Профиль ПН 28х27;по периметру;;
П 113;Удлинитель профилей;0,2;шт;
П 113;Соединитель одноуровневый;1,7;шт;
П 113;Подвес с зажимом и тягой / Нониус;0,7;шт;
П 113;Шуруп LN 9;1,4;шт;
П 113;Шуруп TN 25;23;шт;
П 113;Анкерный элемент;0,7;шт;
П 113;Дюбель-гвоздь для ПН;2 на 1 пог.м ПН;;
П 113;Лента армирующая;1,2;пог.м;
П 113;КНАУФ-Фуген;0,4;кг;
П 113;КНАУФ-Тифенгрунд;0,1;л;
