category;brand;name;unit;norms
ВК и сантехника;;Мешок для мусора 75 л 550х1050 мм полипропиленовый повышенной прочности;шт;2.0
ВК и сантехника;;Сифон HL136N с гидрозатвором HL136N Hutterer & Lechner;шт;1.0
ВК и сантехника;;Гибкая подводка для воды Gigant с оплеткой из нержавеющей стали;шт;1.0
ВК и сантехника;;Сифон с гидрозатвором HL138;шт;1.0
ВК и сантехника;Ostendorf;Ревизия канализационная ø50 HTRE Ostendorf;шт;1.0
ВК и сантехника;;Сифон прямоточный HL100G/50 HL;шт;1.0
ВК и сантехника;;Смеситель (поставка Заказчика);шт;1.0
ВК и сантехника;;Сифон с гидрозатвором HL138 HL;шт;1.0
ВК и сантехника;;Гибкая подводка в металл. оплетке из нерж. стали PN20 Ду20;шт;1.0
ВК и сантехника;;Гибкая полнопроходная подводка (резиновый шланг) в металл. оплетке из нерж. стали PN20 Ду20;шт;1.0
ВК и сантехника;;Сифон HL;шт;1.0
ВК и сантехника;;Изоляционный материал типа K-Flex ST 6 мм для трубы полипропиленовой наружного диаметра ∅25 K-Flex;мп;1.05
ВК и сантехника;;Изоляционный материал типа K-Flex ST 13 мм для трубы полипропиленовой наружного диаметра ∅32 K-Flex;мп;1.1
ВК и сантехника;;Изоляционный материал типа K-Flex ST 6 мм для трубы полипропиленовой наружного диаметра ∅32 K-Flex;мп;1.1
ВК и сантехника;;"Гибкая подводка для фанкойла в оплётке из нержавеющей стали ∅3/4"" (Ду20) с вн.р.";шт;1.0
ВК и сантехника;;Сифон с гидрозатвором;шт;1.0
ВК и сантехника;;Дренажный сифон с разрывом струи HL136N HL;шт;1.0
ВК и сантехника;;Гибкая подводка ∅20, L=500мм;шт;5.0
ВК и сантехника;;Инсталляция для унитаза Tece;шт;1.0
ВК и сантехника;;Унитаз Delabie;шт;1.0
ВК и сантехника;;Раковина со столешницей (поставка Заказчика);шт;1.0
ВК и сантехника;;Раковина (поставка Заказчика);шт;1.0
ВК и сантехника;;Смеситель Cisal;шт;1.0
Гипсокартон и листовые;Knauf;ГКЛ Knauf 2500х1200х12,5мм;м2;"0.2;0.45;0.7;0.8;1.1"
Гипсокартон и листовые;Knauf;Лента бумажная для швов ГКЛ Knauf Курт 52 мм 75 м с армирующими волокнами;мп;"0.75;1.1;1.2;2.2"
Гипсокартон и листовые;;Стекломагнезитовый лист Премиум 2440х1220х12 мм прямая кромка;м2;1.1
Гипсокартон и листовые;Knauf;Гипсокартон Knauf 2500х1200х9,5 мм;м2;"1.1;1.15"
Гипсокартон и листовые;;ДВП 3,2х1220х2745 мм;м2;"1.1;1.15"
Гипсокартон и листовые;;Фанера ФК 12х1525х1525 мм сорт 4/4 нешлифованная;м2;"1.1;2.1"
Гипсокартон и листовые;;Фанера ФСФ 12х1220х2440 мм сорт 4/4 нешлифованная береза;м2;1.1
Гипсокартон и листовые;;Фанера ФК 6х1525х1525 мм сорт 4/4 нешлифованная;шт;1.0
Гипсокартон и листовые;Knauf;ГКЛВ Knauf 2500х1200х9,5 мм;м2;1.1
Гипсокартон и листовые;;Фанера ФК 8х1525х1525 мм сорт 4/4 нешлифованная;м2;1.1
Грунт и праймер;Ceresit;Грунт Ceresit СТ17 PRO 10 л;л;"0.1;0.2"
Грунт и праймер;Ceresit;Грунт Ceresit CT17;л;"0.1;0.2"
Грунт и праймер;;Грунтовка по металлу Радуга ВД АК Р-150 0.9 л цвет серый;л;"0.02;0.2"
Грунт и праймер;;Грунт укрывающий Bayramix Astar Кварцевый B1 7 кг;л;0.3
Грунт и праймер;;Грунтовка по стяжке Probond PU PRIMER EXTRA полиуретановая;кг;0.17
Грунт и праймер;;Грунт укрывающий;л;0.2
Двери и фурнитура;;Доводчик;шт;1.0
Двери и фурнитура;;Дверь скрытой установки;шт;1.0
Двери и фурнитура;;Материалы для устройства временной перегородки с дверью;м2;1.1
Двери и фурнитура;Valtec;"Кран шаровой латунный полнопроходной «BASE», ручка «бабочка», ВР-НР 1/2"" VALTEC";шт;1.0
Двери и фурнитура;;Дверь скрытой установки 700х2050 мм;шт;1.0
Двери и фурнитура;;Дверь скрытой установки 800х2450 мм;шт;1.0
Двери и фурнитура;;Дверь глухая, распашная, однопольная, правая. Размер строительного проема 1000х2100 (h);шт;1.0
Двери и фурнитура;;Дверь противопожарная 800х2000 мм;шт;1.0
Двери и фурнитура;;Дверь противопожарная900х2000 мм;шт;1.0
Двери и фурнитура;IEK;Вводно-распределительный щит ВРЩ, TITAN 5 ЩРн-120 120(2х5х12) модулей одна дверь IP54 белый IEK ЩРн-120 IP54 TI5-50-N-2X060- 54-7035 IEK;шт;1.0
Двери и фурнитура;;Дверь противопожарная (б/у);шт;1.0
Двери и фурнитура;;Дверь скрытой установки 2050х1000;шт;1.0
Изоляция и мембраны;Rockwool;Мин вата Rockwool Лайт Баттс Скандик 50;м2;"1.1;1.6"
Изоляция и мембраны;Knauf;Гидроизоляция Knauf Флэхендихт;кг;1.4
Изоляция и мембраны;;Трубка вспененный полиэтилен L=2м Тмакс=95°C, b=9 мм для ø25 ENERGOFLEX SUPER Energoflex;мп;"1.05;1.1"
Изоляция и мембраны;;Трубка вспененный полиэтилен L=2м Тмакс=95°C, b=9 мм для ø9.52 ENERGOFLEX SUPER Energoflex;мп;1.1
Изоляция и мембраны;;Трубка вспененный полиэтилен L=2м Тмакс=95°C, b=9 мм для ø15.88 ENERGOFLEX SUPER Energoflex;мп;1.1
Изоляция и мембраны;Rockwool;Мин вата Rockwool Лайт Баттс 50мм;м2;1.1
Изоляция и мембраны;;Изоляция из вспененного каучука самоклеящиеся Armaflex AF-10ММ/E-S/100 10 м;м2;1.1
Изоляция и мембраны;;Трубка вспененный полиэтилен L=2м Тмакс=95°C, b=9 мм для ø32 ENERGOFLEX SUPER Energoflex;мп;1.05
Изоляция и мембраны;;Трубка вспененный полиэтилен L=2м Тмакс=95°C, b=9 мм для ø40 ENERGOFLEX SUPER Energoflex;мп;1.05
Изоляция и мембраны;;Трубка вспененный полиэтилен L=2м Тмакс=95°C, b=9 мм для ø50 ENERGOFLEX SUPER Energoflex;мп;1.05
Инструмент и расходники;;Наждачная бумага Abraforce 100 мм 3 м Р240;м;0.1
Инструмент и расходники;;Пленка укрывная техническая 200мкр;м2;"1.1;1.15"
Инструмент и расходники;;Мусорный контейнер 8м3;шт;1.0
Инструмент и расходники;;Средства для уборки;м2;1.0
Инструмент и расходники;;Ветошь;компл;1.0
Инструмент и расходники;;Валик фактурный;шт;1.0
Клеи, пены, герметики;Plitonit;Клей для плитки и керамогранита Plitonit В усиленный с армирующими волокнами серый класс С1 Т 25 кг;кг;"0.35;0.7;3.87;7.0"
Клеи, пены, герметики;;Клей для стеклообоев Oscar готовый 10 кг;кг;0.2
Клеи, пены, герметики;Tytan;Клей универсальный профессиональный Tytan Professional 60 секунд 750 мл;мп;"0.15;0.25"
Клеи, пены, герметики;Tytan;Пена монтажная профессиональная Tytan O2 Low Expansion 60 летняя 750 мл;шт;2.0
Клеи, пены, герметики;;Клей K-FLEX 0.5 lt K 414 К-Флекс К-Флекс;шт;1.0
Клеи, пены, герметики;Knauf;Клей для плитки/ керамогранита/ мозаики/ камня Knauf Мрамор белый класс С2 25 кг;кг;7.0
Клеи, пены, герметики;;КЛЕЙ LECHNER LEGNOPOL 2000;кг;2.1
Клеи, пены, герметики;;Клей для флизелиновых обоев Quelyd Спец-флизелин 50 кв.м 300 г;шт;1.0
Клеи, пены, герметики;;Клей для газобетона КМ Мультиблок зимний 25 кг;кг;25.0
Клеи, пены, герметики;Knauf;Клей гипсовый монтажный КНАУФ-Перлфикс;кг;3.5
Клеи, пены, герметики;Tytan;Монтажный клей Tytan PROFESSIONAL Classic Fix каучуковый прозрачный 310мл;шт;0.5
Клеи, пены, герметики;;Ультрафиолетовый клей для укладки стеклоблоков;компл;1.0
Клеи, пены, герметики;;"Наклейка пиктограмма ""Указатель двери эвакуационного выхода (левосторонний)"" Е10";шт;1.0
Клеи, пены, герметики;;"Наклейка пиктограмма ""выход"" Е22";шт;1.0
Клеи, пены, герметики;Tytan;Клей монтажный каучуковый Tytan Classic Fix прозрачный 310 мл;шт;1.0
Краски, лаки, эмали;Tikkurila;Краска водно-дисперсионная Tikkurila Euro Power 7 моющаяся белая основа А 9 л (колерованная);л;"0.02;0.25"
Краски, лаки, эмали;Tikkurila;Краска водно-дисперсионная Tikkurila Euro Power 7 моющаяся белая основа А 9 л;л;"0.25;0.6"
Краски, лаки, эмали;;Люк ревизионный под покраску Хаммер Гиппократ 600х600 мм скрытый;шт;1.0
Краски, лаки, эмали;;Краска водно-дисперсионная Текс;л;"0.125;0.25"
Краски, лаки, эмали;;Межкомнатная дверь М 19 пг массив сосны, под окраску;шт;1.0
Краски, лаки, эмали;;Антисептик огне-биозащитный 1 группа;л;0.25
Краски, лаки, эмали;Tikkurila;Краска моющаяся Tikkurila/Tikkivala Luja Extra матовая база А белая 9 л (колерованная);л;0.25
Краски, лаки, эмали;;Люк ревизионный под покраску Хаммер Гиппократ 400х400 мм скрытый;шт;1.0
Крепёж;;Шуруп TN 35;шт;"10.0;20.0;30.0;40.0;50.0"
Крепёж;;Шуруп TN 25;шт;"14.0;23.0;28.0"
Крепёж;;Дюбель К 6/40;шт;"1.5;1.6;2.2;3.0"
Крепёж;;Анкер потолочный 6х60/25 мм;шт;0.7
Крепёж;;Дюбель К 6/35;шт;1.6
Крепёж;;Дюбель М8;шт;1.0
Крепёж;;Анкер распорный Hilt HLS-3M12/25;шт;1.0
Крепёж;;Анкер, гайка, шайба;шт;1.0
Крепёж;;Крепеж-клипса для труб 20 мм;шт;2.0
Крепёж;;Анкер химический 70 мм;шт;1.0
Крепёж;DKC;Крепеж-клипса для труб 25 мм DKC (51025);шт;2.0
Крепёж;DKC;Крепеж-клипса для труб 20 мм DKC (51020);шт;2.0
Крепёж;;Держатель для труб (клипса) d20мм;шт;2.0
Крепёж;;Анкер-клин;шт;0.7
Крепёж;;Дюбель для крепления пристенного угла;шт;2.0
Крепёж;;Розетка Systeme Electric ATLASDESIGN, скрытый монтаж, с заземлением, винтовые клеммы, белый;шт;1.0
Крепёж;Hilti;Анкер Hilti tst3 м10;шт;1.0
Крепёж;;Подводка для воды из нержавеющей стали гайка-гайка ø20;шт;1.0
Крепёж;;Распределительная коробка HF на винтах, с клеммными колодками IP65;шт;1.0
Крепёж;;Держатель для труб (клипса) d25мм;шт;2.0
Крепёж;;Держатель для труб (клипса) d16мм;шт;2.0
Крепёж;;Самоконтрящаяся гайка с насечкой М8 CM250800 ДКС;шт;1.0
Крепёж;;Шайба М-8 CM120800 ДКС;шт;1.0
Крепёж;;Винт с гладкой головкой М6х16 CM010616 ДКС;шт;1.0
Крепёж;;Самоконтрящаяся гайка с насечкой М6, 100шт/упак CM100600 ДКС;шт;1.0
Крепёж;DKC;Хомут 300х4.6мм нержавеющая сталь 300х4.6мм DKC;шт;1.0
Крепёж;;Держатель-клипса для труб и гофры с защелкой 20 мм;шт;2.0
Крепёж;;Крепеж-клипса для труб 16 мм;шт;2.0
Крепёж;;"Комплекты для крепления ОКЛ с использованием самореза, дюбеля и скобы СМО d25- 26 мм (100 шт) ""ПРОМРУКАВ""";шт;1.0
Крепёж;;Шуруп LN 9;шт;2.7
Крепёж;;Химический анкер;шт;1.0
Крепёж;;Подводка для воды из нержавеющей стали, гайка-гайка ø20;шт;1.0
Крепёж;;Держатель-клипса для труб и гофры с защелкой 20 мм серый;шт;2.0
Ленты, сетки, стеклохолст;Knauf;Лента уплотнительная Knauf Дихтунгсбанд самоклеящаяся 50х3 мм 30 м;мп;"0.85;1.2;2.4;4.8"
Ленты, сетки, стеклохолст;;Лента малярная Folsen желтая 50 мм 50 м;мп;"1.0;1.1;2.2"
Ленты, сетки, стеклохолст;BauTex;Стеклохолст BauTex Walltex плотность 50 г/кв.м 1х50 м;м2;1.1
Ленты, сетки, стеклохолст;;Уголок;мп;"0.15;2.0"
Ленты, сетки, стеклохолст;;Лента K-FLEX 003x050-15 ST К-Флекс К-Флекс;шт;1.0
Ленты, сетки, стеклохолст;;Сетка арматурная 100х100 мм d3,5 мм 1,5х2 м;шт;1.0
Ленты, сетки, стеклохолст;;Светодиодная лента 1100 мм (поставка Заказчика);шт;1.0
Ленты, сетки, стеклохолст;;Светодиодная лента 900 мм (поставка Заказчика);шт;1.0
Ленты, сетки, стеклохолст;;Светодиодная лента 6800 мм (поставка Заказчика);шт;1.0
Ленты, сетки, стеклохолст;;Светодиодная лента 13500 мм (поставка Заказчика);шт;1.0
Ленты, сетки, стеклохолст;;Сетка сварная арматурная в картах 100х100х6;м2;1.1
Ленты, сетки, стеклохолст;;Лента монтажная перфорированная ЭТМ;мп;1.0
Ленты, сетки, стеклохолст;;Алюминиевый уголок 20х20;мп;1.1
Наливной пол, стяжка, ровнители;Weber/Vetonit;Ровнитель (стяжка пола) первичный Weber.vetonit 5700 Базовый на цементном вяжущем 25 кг;кг;25.5
Наливной пол, стяжка, ровнители;;Пескобетон м150;шт;"1.0;50.0;60.0;100.0;240.0"
Наливной пол, стяжка, ровнители;;Пескобетон (ЦПС) М300 Dauer 40 кг;кг;"200.0;220.0"
Наливной пол, стяжка, ровнители;;Пескобетон м300;кг;50.0
Наливной пол, стяжка, ровнители;Weber/Vetonit;Ровнитель первичный Weber.vetonit 5700 Базовый на цементном вяжущем 25 кг;кг;17.0
Наливной пол, стяжка, ровнители;Weber/Vetonit;Ровнитель (наливной пол) финишный Weber.vetonit 4100 самовыравнивающийся высокопрочный 20 кг;кг;24.0
ОВиК;;Труба жесткая гладкая ПНД диам.25 мм, ПНД диам.25 мм;мп;1.1
ОВиК;;Статкамера из тонколистовой оцинкованной стали, 400x200x200 мм δ=0.7 мм РФ;шт;1.0
ОВиК;;Воздуховод из тонколистовой оцинкованной стали, Ø160 мм δ=0.5 мм РФ;мп;1.05
ОВиК;;Крепления воздуховодов, оборудования, масса металла;кг;1.0
ОВиК;Valtec;Труба полипропиленовая неармированная ∅25x4,2 (DN20) Valtec;мп;1.05
ОВиК;Valtec;Труба полипропиленовая неармированная ∅40x6,7 (DN32) Valtec;мп;1.05
ОВиК;Valtec;Труба полипропиленовая ∅32x5,4 (DN25) Valtec;мп;1.05
ОВиК;;Воздуховод из тонколистовой оцинкованной стали ø160мм ГОСТ 14918-80*;мп;"1.0;1.05"
ОВиК;;Воздуховод из тонколистовой оцинкованной стали ø100мм ГОСТ 14918-80*;мп;"1.0;1.05"
ОВиК;;Труба полипропиленовая PN10 ø25x2.3;мп;"1.05;1.1"
ОВиК;;Решетка вентиляционная, 300x100 мм АМН-М 300x100 Арктос;шт;1.0
ОВиК;;Дроссель-клапан ручной, Ø125 мм IRIS-125 Арктос;шт;1.0
ОВиК;;Воздуховод из тонколистовой оцинкованной стали, Ø100 мм δ=0.5 мм РФ;мп;1.05
ОВиК;;Воздуховод из тонколистовой оцинкованной стали, Ø125 мм δ=0.5 мм РФ;мп;1.05
ОВиК;;Воздуховод из тонколистовой оцинкованной стали, Ø200 мм δ=0.7 мм РФ;мп;1.05
ОВиК;;Воздуховод из тонколистовой оцинкованной стали, Ø250 мм δ=0.7 мм РФ;мп;1.05
ОВиК;;Отвод 90 из тонколистовой оцинкованной стали, Ø100 мм δ=0.5 мм РФ;шт;1.0
ОВиК;;Отвод 90 из тонколистовой оцинкованной стали, Ø125 мм δ=0.5 мм РФ;шт;1.0
ОВиК;;Отвод 90 из тонколистовой оцинкованной стали, Ø200 мм δ=0.5 мм РФ;шт;1.0
ОВиК;;Отвод 90 из тонколистовой оцинкованной стали, Ø250 мм δ=0.5 мм РФ;шт;1.0
ОВиК;;Тройник из тонколистовой оцинкованной стали, Ø160-Ø125-Ø160 мм δ=0.5 мм РФ;шт;1.0
ОВиК;;Тройник из тонколистовой оцинкованной стали, Ø200-Ø125-Ø200 мм δ=0.5 мм РФ;шт;1.0
ОВиК;;Тройник из тонколистовой оцинкованной стали, Ø250-Ø100-Ø250 мм δ=0.5 мм РФ;шт;1.0
ОВиК;;Тройник из тонколистовой оцинкованной стали, Ø250-Ø125-Ø250 мм δ=0.5 мм РФ;шт;1.0
ОВиК;;Решетка вентиляционная, 300x150 мм АМН-М 300x100 Арктос;шт;1.0
ОВиК;;Решетка вентиляционная, 500x150 мм АМН-М 300x100 Арктос;шт;1.0
ОВиК;;Дроссель-клапан ручной, Ø160 мм IRIS-160 Арктос;шт;1.0
ОВиК;;Статкамера из тонколистовой оцинкованной стали, 600x200x200 мм δ=0.7 мм РФ;шт;1.0
ОВиК;;Отвод 90 из тонколистовой оцинкованной стали, Ø160 мм δ=0.5 мм РФ;шт;1.0
ОВиК;;Отвод круглого воздуховода ø100-ø100 45.00°;шт;1.0
ОВиК;;Отвод круглого воздуховода ø100-ø100 90.00°;шт;1.0
ОВиК;;Отвод круглого воздуховода ø160-ø160 90.00°;шт;1.0
ОВиК;;Комплект фитингов;компл;1.0
ОВиК;;Противопожарный нормально-открытый клапан с приводом 220В ОЗК НО д160;шт;1.0
ОВиК;;Воздуховод из тонколистовой оцинкованной стали ø125мм ГОСТ 14918-80*;мп;1.05
ОВиК;;Воздуховод из тонколистовой оцинкованной стали ø200мм ГОСТ 14918-80*;мп;1.05
ОВиК;;Труба полипропиленовая PN10 ø32x3;мп;"1.05;1.1"
ОВиК;;Труба полипропиленовая PN10 ø40x3.7;мп;"1.05;1.1"
ОВиК;;Труба полипропиленовая PN10 ø50x4.6;мп;"1.05;1.1"
ОВиК;;Воздуховод из тонколистовой оцинкованной стали 200x200, b=0.5 ГОСТ 14918-80*;мп;"1.0;1.05"
ОВиК;;Воздуховод из тонколистовой оцинкованной стали 300x200, b=0.7 ГОСТ 14918-80*;мп;"1.0;1.05"
ОВиК;;Воздушный клапан общего назначения круглый КВК 100М Арктос;шт;1.0
ОВиК;;Воздушный клапан общего назначения круглый КВК 160М Арктос;шт;1.0
ОВиК;;Переход воздуховода с круглого на прямоугольное сечение 200x200-ø160;шт;1.0
ОВиК;;Щелевая решетка с КСД РЭД-ЛУК-РУ-2щ-2000, 1бок, Фикс RedVent;шт;1.0
ОВиК;;Тройник круглого воздуховода ø160-ø160-ø100;шт;1.0
ОВиК;Valtec;Труба из сшитого полиэтилена ø20x2,8 VALTEC;мп;1.05
ОВиК;Valtec;Тройник напресовочный переходной 25x16x20 VALTEC;шт;1.0
ОВиК;;Фитинги, Манжеты,переходы (комплект);шт;1.0
ОВиК;Valtec;Труба из сшитого полиэтилена ø32x3,5 VALTEC;мп;1.05
ОВиК;;Канализационный насос Sololift2 C-3;шт;1.0
ОВиК;Valtec;Труба полипропиленовая Valtec армированная стекловолокном 20х2000 мм PN20;мп;1.05
ОВиК;Ostendorf;Труба канализационная Ostendorf HTEM d50x1000 мм;мп;1.05
ОВиК;;Кондиционер настенный с наружним блоком;шт;1.0
ОВиК;;Трехходовой клапан с электроприводом 24V ∅20 Кvs;шт;1.0
ОВиК;;"Фитинг полипропиленовый с переходом на наружную резьбу 25х3/4""";шт;1.0
ОВиК;;Воздуховод из тонколистовой оцинкованной стали 800x400 b=0.7;мп;1.05
ОВиК;;Воздуховод из тонколистовой оцинкованной стали ø250мм ГОСТ 14918-80*;мп;1.05
ОВиК;;Воздуховод из тонколистовой оцинкованной стали ø315мм ГОСТ 14918-80*;мп;1.05
ОВиК;;Воздушный клапан общего назначения круглый КВК 100М;шт;1.0
ОВиК;;Воздушный клапан общего назначения круглый КВК 125М;шт;1.0
ОВиК;;Воздушный клапан общего назначения круглый КВК 160М;шт;1.0
ОВиК;;Воздушный клапан общего назначения круглый КВК 200М;шт;1.0
ОВиК;;Воздушный клапан общего назначения круглый КВК 250М;шт;1.0
ОВиК;;Воздушный клапан общего назначения круглый КВК 315М;шт;1.0
ОВиК;;Муфта переходная наружная из ПП 25x20;шт;1.0
ОВиК;;Муфта переходная наружная из ПП 32x25;шт;1.0
ОВиК;;Муфта переходная наружная из ПП 40x32;шт;1.0
ОВиК;;Муфта переходная наружная из ПП 50x25;шт;1.0
ОВиК;;Отвод круглого воздуховода ø125-ø125 90.00°;шт;1.0
ОВиК;;Отвод круглого воздуховода ø200-ø200 90.00°;шт;1.0
ОВиК;;Отвод круглого воздуховода ø250-ø250 90.00°;шт;1.0
ОВиК;;Отвод круглого воздуховода ø315-ø315 90.00°;шт;1.0
ОВиК;;Отвод прямоугольного воздуховода 400x800-400x800 90.00°;шт;1.0
ОВиК;;Отвод прямоугольного воздуховода 800x400-800x400 90.00°;шт;1.0
ОВиК;;Переход воздуховода с круглого на прямоугольное сечение 800x400-ø250;шт;1.0
ОВиК;;Противопожарный нормально-открытый клапан с приводом 220В ОЗК НО 800х400;шт;1.0
ОВиК;;Противопожарный нормально-открытый клапан с приводом 220В ОЗК НО д250;шт;1.0
ОВиК;;Противопожарный нормально-открытый клапан с приводом 220В ОЗК НО д315;шт;1.0
ОВиК;;Тройник круглого воздуховода ø100-ø100-ø100;шт;1.0
ОВиК;;Тройник круглого воздуховода ø125-ø125-ø100;шт;1.0
ОВиК;;Тройник круглого воздуховода ø160-ø160-ø160;шт;1.0
ОВиК;;Тройник круглого воздуховода ø200-ø200-ø160;шт;1.0
ОВиК;;Тройник круглого воздуховода ø200-ø200-ø200;шт;1.0
ОВиК;;Тройник круглого воздуховода ø250-ø250-ø200;шт;1.0
ОВиК;;Тройник круглого воздуховода ø315-ø315-ø200;шт;1.0
ОВиК;;Тройник переходной из ПП 32x25x32;шт;1.0
ОВиК;;Тройник переходной из ПП 40x25x40;шт;1.0
ОВиК;;Тройник переходной из ПП 50x40x50;шт;1.0
ОВиК;;Тройник равнопроходной из ПП 25;шт;1.0
ОВиК;;Труба из сшитого полиэтилена ø16x2,2 Stout;мп;1.1
ОВиК;;Труба из сшитого полиэтилена ø25x3,5 Stout;мп;1.1
ОВиК;;"Тройник с внутренней резьбой 1"" Stout";шт;1.0
ОВиК;Ostendorf;Тройник канализационный 45° 50x50 HTEA Ostendorf;шт;1.0
ОВиК;Ostendorf;Труба канализационная полипропиленовая ø50x1,8 HTEM Ostendorf;мп;1.05
ОВиК;Ostendorf;Отвод канализационный 45° 50 HTB Ostendorf;шт;1.0
ОВиК;Ostendorf;Отвод канализационный 90° 50 HTB Ostendorf;шт;1.0
ОВиК;;Труба под гильзу, швеллер под обвязку;компл;1.0
ОВиК;;Труба медная дюймовая ø9.52x0.81;мп;1.05
ОВиК;;Труба медная дюймовая ø15.88x0.89;мп;1.05
ОВиК;;Вентиляционная установка приточно-вытяжная DV-350HRE/PD Dantex;шт;1.0
ОВиК;;Бытовой накладной вытяжной вентилятор ø100 Silent 100-CZ Soler & Palau;шт;1.0
ОВиК;;Воздуховод из тонколистовой оцинкованной стали 400x200, b=0.7 ГОСТ 14918-80*;мп;1.0
ОВиК;;Воздуховод из тонколистовой оцинкованной стали 400x300, b=0.7 ГОСТ 14918-80*;мп;1.0
ОВиК;;Отвод прямоугольного воздуховода 400x200-400x200 90.00°;шт;1.0
ОВиК;;Отвод прямоугольного воздуховода 400x300-400x300 45.00°;шт;1.0
ОВиК;;Отвод прямоугольного воздуховода 400x300-400x300 90.00°;шт;1.0
ОВиК;;Решетка наружная круглая РНк 100;шт;1.0
ОВиК;;Решетка наружная круглая РНк 250;шт;1.0
ОВиК;;Щелевая решетка с КСД РЭД-ЛУК-РУ-1щ-300, 1бок, Фикс RedVent;шт;1.0
ОВиК;;Щелевая решетка с КСД РЭД-ЛУК-РУ-1щ-700, 1бок, Фикс RedVent;шт;1.0
ОВиК;;Щелевая решетка с КСД РЭД-ЛУК-РУ-1щ-1100, 1бок, Фикс RedVent;шт;1.0
ОВиК;;Щелевая решетка с КСД РЭД-ЛУК-РУ-1щ-1200, 1бок, Фикс RedVent;шт;1.0
ОВиК;;Щелевая решетка с КСД РЭД-ЛУК-РУ-1щ-2000, 1бок, Фикс RedVent;шт;1.0
ОВиК;;"Радиатор трубчатый с боковым подключением 2220 / 05 V1270 3/4"" Zehnder";шт;1.0
ОВиК;;"Радиатор трубчатый с боковым подключением 2220 / 14 V1270 3/4"" Zehnder";шт;1.0
ОВиК;;Радиатор существующий;шт;1.0
ОВиК;Valtec;"Клапан настроечный прямой 3/4"" Valtec";шт;1.0
ОВиК;Valtec;"Клапан термостатический прямой 3/4"" Valtec";шт;1.0
ОВиК;;"Вентиль на обратную подводку угловой Сombi 3 3/4"" Zehnder";шт;1.0
ОВиК;;"Термостатический вентиль угловой Серия А 3/4"" Zehnder";шт;1.0
ОВиК;;Фэнкойл кассетный, двуххтрубный в комплекте с 3-х ходовым клапаном GCKD-500i General Climate;шт;1.0
ОВиК;;Дроссель-клапан ∅160 мм Воздухотехника;шт;1.0
ОВиК;;Решетка вентиляционная с регулятором расхода, 200x100 мм АМР-М 200x100;шт;1.0
ОВиК;;Решетка вентиляционная с регулятором расхода, 300x100 мм АМР-М 300x100;шт;1.0
ОВиК;;Дроссель-клапан ручной, Ø160 мм IRIS-160;шт;1.0
ОВиК;;Дроссель-клапан ручной, Ø250 мм IRIS-250;шт;1.0
ОВиК;;Воздуховод из тонколистовой оцинкованной стали, Ø100 мм δ=0.5 мм;мп;1.05
ОВиК;;Воздуховод из тонколистовой оцинкованной стали, Ø125 мм δ=0.5 мм;мп;1.05
ОВиК;;Воздуховод из тонколистовой оцинкованной стали, Ø160 мм δ=0.5 мм;мп;1.05
ОВиК;;Воздуховод из тонколистовой оцинкованной стали, Ø250 мм δ=0.7 мм;мп;1.05
ОВиК;;Воздуховод из тонколистовой оцинкованной стали, Ø315 мм δ=0.7 мм;мп;1.05
ОВиК;;Отвод 90 из тонколистовой оцинкованной стали, Ø125 мм δ=0.5 мм;шт;1.0
ОВиК;;Отвод 90 из тонколистовой оцинкованной стали, Ø160 мм δ=0.5 мм;шт;1.0
ОВиК;;Отвод 90 из тонколистовой оцинкованной стали, Ø315 мм δ=0.7 мм;шт;1.0
ОВиК;;Тройник из тонколистовой оцинкованной стали, Ø250-Ø160-Ø250 мм δ=0.7 мм РФ;шт;1.0
ОВиК;;Тройник из тонколистовой оцинкованной стали, Ø125-Ø100-Ø125 мм δ=0.5 мм РФ;шт;1.0
ОВиК;;Тройник из тонколистовой оцинкованной стали, Ø315 мм δ=0.7 мм РФ;шт;1.0
ОВиК;Valtec;Труба полипропиленовая ∅25x4,2 (DN20) Valtec;мп;1.05
ОВиК;;Щелевая решетка L=1000 мм (переток), 1 щель РЭД-ЛУК-РУ, 1щ, 1000 Redvent;шт;1.0
ОВиК;;Щелевая решетка L=1000 мм + КСД, 1 щель РЭД-ЛУК-РУ, 1щ, 1000 Redvent;шт;1.0
ОВиК;;Щелевая решетка L=740 мм + КСД, 1 щель РЭД-ЛУК-РУ, 1щ, 740 Redvent;шт;1.0
ОВиК;;Воздуховод из оцинкованной стали Ф100;мп;1.05
ОВиК;;Воздуховод из оцинкованной стали Ф125;мп;1.05
ОВиК;;Воздуховод из оцинкованной стали Ф160;мп;1.05
ОВиК;;Воздуховод из оцинкованной стали Ф200;мп;1.05
ОВиК;;Воздуховод из оцинкованной стали Ф250;мп;1.05
ОВиК;;Воздуховод из оцинкованной стали 350х250;мп;1.05
ОВиК;;Дроссель-клапан с ручным управлением ДК Ф100;шт;1.0
ОВиК;;Дроссель-клапан с ручным управлением ДК Ф125;шт;1.0
ОВиК;;Дроссель-клапан с ручным управлением ДК Ф160;шт;1.0
ОВиК;;Дроссель-клапан с ручным управлением ДК Ф200;шт;1.0
ОВиК;;Дроссель-клапан с ручным управлением ДК Ф250;шт;1.0
ОВиК;;Огнезадерживающий клапан НО EI60 с приводом Belimo КЛОП-2(60)-НО-Ф100-МВ(220) ВИНГС-М;шт;1.0
ОВиК;;Огнезадерживающий клапан НО EI60 с приводом Belimo КЛОП-2(60)-НО-Ф125-МВ(220) ВИНГС-М;шт;1.0
ОВиК;;Теплоизоляция для воздуховодов толщина 10 мм K-Flex K-Flex;м2;1.1
ОВиК;;Труба полипропиленовая армированная PN20 Ф40х6,7 Pro Aqua;мп;1.05
ОВиК;;Труба полипропиленовая армированная PN20 Ф50х8,4 Pro Aqua;мп;1.05
ОВиК;;Клапан трехходовой с электроприводом Ду25 General Climate;шт;1.0
ОВиК;;Дренажный насос SI 82 Sauermann;шт;1.0
ОВиК;;Труба полипропиленовая PN10 Ф32х2,9 Pro Aqua;мп;1.05
ОВиК;;Труба ПЛЛ D=20мм;мп;1.02
ОВиК;;Отвод круглого воздуховода ø160-ø160;шт;1.0
ОВиК;;Гибкий воздуховод не теплоизолированный Ø100;мп;1.1
ОВиК;;Воздуховоды из оцинкованной стали ∅125 мм Воздухотехника;мп;1.05
ОВиК;;Воздуховоды из оцинкованной стали ∅160 мм Воздухотехника;мп;1.05
ОВиК;;Фасонные части воздуховодов Воздухотехника;м2;1.1
ОВиК;;Дроссель-клапан ∅125 мм Воздухотехника;шт;1.0
ОВиК;;Дроссель-клапан ∅200 мм Воздухотехника;шт;1.0
ОВиК;;Дроссель-клапан ∅250 мм Воздухотехника;шт;1.0
ОВиК;;Воздуховод гибкий ∅125 мм Polar Bear;уп;1.0
ОВиК;;Воздуховод гибкий ∅160 мм Polar Bear;уп;1.0
ОВиК;;Самоклеющаяся, рулонная теплоизоляция приточных BlackStarDuctAL Energoflex воздуховодов, толщиной 5 мм;м2;1.1
ОВиК;;3-ходовой клапан с приводом (в комплекте с фэнкойлом);шт;1.0
ОВиК;Danfoss;Балансировочный клапан ∅1'' (Ду25) с измерительными нипелями 003Z0214 AB-QM Danfoss;шт;1.0
ОВиК;;Решетка для радиатора пластик ламели;шт;1.0
ОВиК;;Воздуховод, оцинкованая сталь-0,5мм д=100;мп;1.05
ОВиК;;Воздуховод, оцинкованая сталь-0,5мм д=125;мп;1.05
ОВиК;;Воздуховод, оцинкованая сталь-0,5мм д=160;мп;1.05
ОВиК;;Воздуховод гибкий изолированый Sonoduct 100;мп;1.05
ОВиК;;Воздуховод гибкий изолированый Sonoduct 125;мп;1.05
ОВиК;;Дросель-клапан КВК 100 Р;шт;1.0
ОВиК;;Дросель-клапан КВК 125 Р;шт;1.0
ОВиК;Danfoss;"Шаровый спускной клапан Ø1/2"" 065B8200 Danfoss";шт;1.0
ОВиК;Danfoss;"Балансировочный клапан AB-QM 3/4"" Danfoss";шт;1.0
ОВиК;Valtec;Труба полипропиленовая PN20 25x3.5 Valtec;мп;1.1
ОВиК;;Труба полипропиленовая PN10 PN10 25x3.0 FV Plast (дренаж):;мп;1.1
ОВиК;;Дренажный насос SI 2750 Sauermann;шт;1.0
ОВиК;;Воздуховод из тонколистовой оцинкованной стали 300x250, b=0.7 ГОСТ 14918-80*;мп;1.05
ОВиК;;Воздуховод из тонколистовой оцинкованной стали 300x300, b=0.7 ГОСТ 14918-80*;мп;1.05
ОВиК;;Воздушный клапан общего назначения круглый КВК 125М Арктос;шт;1.0
ОВиК;;Воздушный клапан общего назначения круглый 160 мм КВК 160М Арктос;шт;1.0
ОВиК;;Отвод круглого воздуховода ø100-ø100;шт;1.0
ОВиК;;Отвод круглого воздуховода ø125-ø125;шт;1.0
ОВиК;;Отвод прямоугольного воздуховода 200x300-200x300;шт;1.0
ОВиК;;Отвод прямоугольного воздуховода 250x300-250x300;шт;1.0
ОВиК;;Отвод прямоугольного воздуховода 300x200-300x200;шт;1.0
ОВиК;;Отвод прямоугольного воздуховода 300x250-300x250;шт;1.0
ОВиК;;Отвод прямоугольного воздуховода 300x300-300x300;шт;1.0
ОВиК;;Переход воздуховода с круглого на прямоугольное сечение 300x250-ø160;шт;1.0
ОВиК;;Противопожарный нормально-открытый клапан с приводом 220В ОЗК НО 300х250 Виктория;шт;1.0
ОВиК;;Противопожарный нормально-открытый клапан с приводом 220В ОЗК НО 300х300 Виктория;шт;1.0
ОВиК;;Противопожарный нормально-открытый клапан с приводом 220В ОЗК НО д125 Виктория;шт;1.0
ОВиК;;Воздуховод из тонколистовой оцинкованной стали 700x160, b=0.7 ГОСТ 14918-80*;мп;1.05
ОВиК;;Воздуховод из тонколистовой оцинкованной стали 1100x200, b=0.9 ГОСТ 14918-80*;мп;1.05
ОВиК;;Воздушный клапан общего назначения круглый КВК 200М Арктос;шт;1.0
ОВиК;;Муфта переходная наружная из ПП, 40x32 PPR;шт;1.0
ОВиК;;Муфта переходная наружная из ПП, 50x40 PPR;шт;1.0
ОВиК;;Отвод круглого воздуховода ø200-ø200;шт;1.0
ОВиК;;Тройник переходной из ПП, 40x25x40 PPR;шт;1.0
ОВиК;;Тройник переходной из ПП, 50x25x50 PPR;шт;1.0
ОВиК;;Тройник равнопроходной из ПП, 25 PPR;шт;1.0
ОВиК;;Трехходовой клапан с электроприводом 24V ∅20, Кvs = 2,5м3/ч (Systemair);шт;4.0
ОВиК;Danfoss;Ручной балансировочный клапан MNT ∅20мм Кvs = 2,5м3/ч (Danfoss);шт;6.0
ОВиК;Valtec;"Фитинг полипропиленовый с переходом на наружную резьбу 20 мм х 3/4"" 20х3/4"" VTp.701.0.02005 VALTEC";шт;7.0
ОВиК;Valtec;"Фитинг полипропиленовый с переходом на наружную резьбу 32 мм х 3/4"" 32х3/4"" VALTEC";шт;8.0
ОВиК;;Решетка щелевая (поставка заказчика);шт;1.0
ОВиК;;Труба канализационная полипропиленовая ø40x1,8;мп;1.05
ОВиК;;Отвод канализационный 45° 40 ПП;шт;1.0
ОВиК;;Отвод канализационный 45° 50 ПП;шт;1.0
ОВиК;Valtec;Труба из сшитого полиэтилена ø16x2,2 VALTEC;мп;1.05
ОВиК;Valtec;Тройник напресовочный переходной 20x16x16 VALTEC;шт;1.0
ОВиК;;Краны шаровые с клапаном шредера;шт;1.0
ОВиК;;Воздуховод из тонколистовой оцинкованной стали 200x150, b=0.5;мп;1.05
ОВиК;;Воздуховод из тонколистовой оцинкованной стали 300x100, b=0.7;мп;1.05
ОВиК;;Воздуховод из тонколистовой оцинкованной стали 300x200, b=0.7;мп;1.05
ОВиК;;Воздуховод из тонколистовой оцинкованной стали 350x250, b=0.7;мп;1.05
ОВиК;;Воздуховод из тонколистовой оцинкованной стали 400x200, b=0.7;мп;1.05
ОВиК;;Воздуховод из тонколистовой оцинкованной стали 400x250, b=0.7;мп;1.05
ОВиК;;Воздуховод из тонколистовой оцинкованной стали 450x200, b=0.7;мп;1.05
ОВиК;;Воздуховод из тонколистовой оцинкованной стали 500x200, b=0.7;мп;1.05
ОВиК;;Воздуховод из тонколистовой оцинкованной стали 550x250, b=0.7;мп;1.05
ОВиК;;Воздуховод из тонколистовой оцинкованной стали 650x200, b=0.7;мп;1.05
ОВиК;;Воздуховод из тонколистовой оцинкованной стали 650x250, b=0.7;мп;1.05
ОВиК;;Воздуховод из тонколистовой оцинкованной стали 800x250, b=0.7;мп;1.05
ОВиК;;Воздуховод из тонколистовой оцинкованной стали 1100x250, b=0.9;мп;1.05
ОВиК;;Воздуховод из тонколистовой оцинкованной стали д=100мм;мп;1.05
ОВиК;;Воздуховод из тонколистовой оцинкованной стали д=160мм;мп;1.05
ОВиК;;Отвод круглого воздуховода 100-100 90.00;шт;1.0
ОВиК;;Отвод круглого воздуховода д160-д160 45.00;шт;1.0
ОВиК;;Отвод круглого воздуховода 160-160 90.00;шт;1.0
ОВиК;;Отвод прямоугольного воздуховода 100x300-100x300 30.00;шт;1.0
ОВиК;;Отвод прямоугольного воздуховода 200x150-200x150 90.00;шт;1.0
ОВиК;;Отвод прямоугольного воздуховода 300x100-300x100 90.00;шт;1.0
ОВиК;;Отвод прямоугольного воздуховода 300x200-300x200 90.00;шт;1.0
ОВиК;;Отвод прямоугольного воздуховода 350x250-350x250 90.00;шт;1.0
ОВиК;;Отвод прямоугольного воздуховода 400x250-400x250 90.00;шт;1.0
ОВиК;;Отвод прямоугольного воздуховода 450x200-450x200 90.00;шт;1.0
ОВиК;;Отвод прямоугольного воздуховода 550x250-550x250 90.00;шт;1.0
ОВиК;;Тройник круглого воздуховода 160-160-100;шт;1.0
ОВиК;;Угловой элемент для щелевой решетки РЭД-ЛУК-РУ-Т-У-П-3щ, 0бок, Фикс RedVent;шт;1.0
ОВиК;;Щелевая решетка с КСД РЭД-ЛУК-РУ-2щ-2000, 0бок, Фикс RedVent;шт;1.0
ОВиК;;Щелевая решетка с КСД РЭД-ЛУК-РУ-3щ-1000, 2бок, Фикс RedVent;шт;1.0
ОВиК;;Щелевая решетка с КСД РЭД-ЛУК-РУ-3щ-1200, 2бок, Фикс RedVent;шт;1.0
ОВиК;;Щелевая решетка с КСД РЭД-ЛУК-РУ-3щ-1430, 0бок, Фикс RedVent;шт;1.0
ОВиК;;Щелевая решетка с КСД РЭД-ЛУК-РУ-3щ-1500, 2бок, Фикс RedVent;шт;1.0
ОВиК;;Щелевая решетка с КСД РЭД-ЛУК-РУ-3щ-1600, 2бок, Фикс RedVent;шт;1.0
ОВиК;;Щелевая решетка с КСД РЭД-ЛУК-РУ-3щ-1800, 2бок, Фикс RedVent;шт;1.0
ОВиК;;Щелевая решетка с КСД РЭД-ЛУК-РУ-3щ-1850, 0бок, Фикс RedVent;шт;1.0
ОВиК;;Щелевая решетка с КСД РЭД-ЛУК-РУ-3щ-1900, 2бок, Фикс RedVent;шт;1.0
ОВиК;;Щелевая решетка с КСД РЭД-ЛУК-РУ-3щ-2000, 0бок, Фикс RedVent;шт;1.0
ОВиК;;Щелевая решетка с КСД РЭД-ЛУК-РУ-3щ-2000, 1бок, Фикс RedVent;шт;1.0
ОВиК;;Щелевая решетка с КСД РЭД-ЛУК-РУ-3щ-2050, 0бок, Фикс RedVent;шт;1.0
ОВиК;;Щелевая решетка с КСД РЭД-ЛУК-РУ-3щ-2200, 0бок, Фикс RedVent;шт;1.0
ОВиК;;Щелевая решетка с КСД РЭД-ЛУК-РУ-3щ-2200, 1бок, Фикс RedVent;шт;1.0
ОВиК;;Щелевая решетка с КСД РЭД-ЛУК-РУ-3щ-2600, 1бок, Фикс RedVent;шт;1.0
ОВиК;;Щелевая решетка с КСД РЭД-ЛУК-РУ-3щ-3200, 2бок, Фикс RedVent;шт;1.0
ОВиК;;Радиатор QUADRUM 30 H 2 2000-4;шт;1.0
Плитка, керамогранит, затирки;;Система выравнивания пола (https://svp.one/dls/);компл;1.0
Плитка, керамогранит, затирки;Ceresit;Затирка Ceresit CE 33 5 кг;кг;"0.7;2.9"
Плитка, керамогранит, затирки;Ceresit;Затирка Ceresit CE 33 07 серая 5 кг;кг;"0.04;0.07"
Плитка, керамогранит, затирки;;Плинтус керамогранитный;мп;1.1
Плитка, керамогранит, затирки;;Керамогранит поставка заказчика;м2;1.1
Плитка, керамогранит, затирки;;Плитка белая глянец , 200х300;м2;1.15
Плитка, керамогранит, затирки;;Плитка (поставка Заказчика);м2;1.1
Плитка, керамогранит, затирки;;Керамогранит Уральский Гранит Моноколор светло-серый UF002MR матовый 600х600х10 мм;м2;"1.1;1.2"
Плитка, керамогранит, затирки;;Напольная плитка поставка заказчика;м2;1.1
Плитка, керамогранит, затирки;;Плинтус керамогранитный поставка заказчика;мп;1.1
Плитка, керамогранит, затирки;;Керамогранит;м2;1.1
Плитка, керамогранит, затирки;;Керамогранит (поставка Заказчика);м2;1.1
Плитка, керамогранит, затирки;;Плинтус керамогранитный (поставка Заказчика);мп;1.1
Плитка, керамогранит, затирки;;Керамогранит 600х1200 мм Поставка заказчика;м2;1.1
Плитка, керамогранит, затирки;;Керамогранит поставляет заказчик;м2;1.1
Плитка, керамогранит, затирки;;Керамогранит Quadro Decor Соль-Перец 30х30 см 1.44 м2 неполированный цвет светло-серый;м2;1.1
Плитка, керамогранит, затирки;;Затирка цементная Mapei Ultracolor Plus 114 2 кг;кг;"0.15;1.5"
Плитка, керамогранит, затирки;;Крестик направляющий для укладки стеклоблоков 5 м;шт;1.0
Плитка, керамогранит, затирки;;Керамогранит Creto Ньютон Флэр 60х60 см;м2;1.1
Плитка, керамогранит, затирки;;Плитка Forbo Effekta Professional 4011 P Natural Pine,2.2mm;м2;1.1
Плитка, керамогранит, затирки;;Керамогранит Rinascente Resin White 600х1200;мп;1.1
Пожарная безопасность;;Огнетушитель ОП-4+корзина красного цвета;компл;1.0
Пожарная безопасность;;Огнетушитель серебристого цвета;компл;1.0
Пожарная безопасность;;Огнетушитель ОП-4+корзина хром;компл;1.0
Полы, плинтусы, покрытия;;Плинтус полиуретановый;мп;1.15
Полы, плинтусы, покрытия;;Теневой плинтус, скрытого монтажа, 2 см;мп;1.1
Полы, плинтусы, покрытия;;Плинтус поставка заказчика;мп;1.1
Полы, плинтусы, покрытия;;Плинтус-полоса алюминиевая 20 мм серебро БРАШ;мп;1.1
Полы, плинтусы, покрытия;;Плинтус МДФ 30х15мм;мп;1.1
Полы, плинтусы, покрытия;;Плинтус алюминиевый плоский черный муар 80х10х3000 мм (АПП-8010-ЧМ);мп;1.1
Полы, плинтусы, покрытия;;Кабель с медными жилами в поливинилхлоридной изоляции, в поливинилхлоридной оболочке, сечение: 5x1,5 мм.кв. ППГнг-HF;мп;1.02
Полы, плинтусы, покрытия;;Кабель с медными жилами в поливинилхлоридной изоляции, в поливинилхлоридной оболочке, сечение: 3x1,5 мм.кв. ППГнг-HF;мп;1.02
Полы, плинтусы, покрытия;;Кабель с медными жилами в поливинилхлоридной изоляции, в поливинилхлоридной оболочке, сечение: 3x2,5 мм.кв. ППГнг-HF;мп;1.02
Полы, плинтусы, покрытия;;Кабель с медными жилами в поливинилхлоридной изоляции, в поливинилхлоридной оболочке, сечение: 1x4 мм.кв. ПуГПнг(А)-HF;мп;1.02
Полы, плинтусы, покрытия;;Паркет поставка заказчика;м2;1.1
Полы, плинтусы, покрытия;;МИКРОПЛИНТУС SL16X25-001 16Х25Х2000ММ БЕЗ ПОКРЫТИЯ;мп;1.1
Профиль, подвесы, каркас;Knauf;Профиль 60/27 Кнауф;мп;"2.9;3.0;4.35"
Профиль, подвесы, каркас;Knauf;Профиль 27/28 Кнауф;мп;"1.0;1.3"
Профиль, подвесы, каркас;Knauf;Тяга Нониус Кнауф;шт;0.7
Профиль, подвесы, каркас;Knauf;Подвес Нониус Кнауф;шт;0.7
Профиль, подвесы, каркас;;Удлинитель потолочного профиля 60/27;шт;"0.2;0.3"
Профиль, подвесы, каркас;;Соединитель двухуровневый 60/27;шт;1.7
Профиль, подвесы, каркас;Knauf;Профиль углозащитный оцинкованный Knauf 31х31 мм 3 м 0,60 мм;мп;1.1
Профиль, подвесы, каркас;Knauf;Профиль направляющий Knauf 50х40 мм 3 м 0,60 мм;мп;"0.25;0.7"
Профиль, подвесы, каркас;Knauf;Профиль направляющий 75/40 Кнауф;мп;0.7
Профиль, подвесы, каркас;Knauf;Профиль стоечный 75/50 Кнауф;мп;"2.0;2.1;3.0"
Профиль, подвесы, каркас;Knauf;Профиль стоечный Knauf 50х50 мм 3 м 0.60 мм;мп;"2.0;2.1"
Профиль, подвесы, каркас;;Профиль для плитки до 12 мм полированный нержавеющая сталь 2700х30х12,8 мм;мп;1.1
Профиль, подвесы, каркас;;Труба профильная 50х25х2;мп;"1.0;1.1"
Профиль, подвесы, каркас;;Опорная пластина 150х150х3;шт;1.0
Профиль, подвесы, каркас;DKC;Профиль для монтажа металлических лотков П-образный DKC (BPL2930) 1,5 мм 3 м;мп;1.0
Профиль, подвесы, каркас;;Шпилька;шт;1.0
Профиль, подвесы, каркас;Knauf;Профиль направляющий 100/40 Кнауф;мп;0.7
Профиль, подвесы, каркас;;Шпилька м10 2000;шт;1.0
Профиль, подвесы, каркас;Knauf;Профиль стоечный 100/50 Кнауф;мп;2.0
Профиль, подвесы, каркас;Knauf;Профиль направляющий 50/40 Кнауф;мп;"0.7;1.7"
Профиль, подвесы, каркас;Knauf;Профиль стоечный 50/50 Кнауф;мп;"2.0;7.0"
Профиль, подвесы, каркас;Knauf;Профиль потолочный направляющий Knauf 28х27 мм 3 м 0,60 мм;мп;0.7
Профиль, подвесы, каркас;Knauf;Профиль потолочный Knauf 60х27 мм 3 м 0,60 мм;мп;2.1
Профиль, подвесы, каркас;;Труба профильная 40х20х2,5;мп;1.1
Профиль, подвесы, каркас;;Подвес;шт;"0.7;0.93"
Профиль, подвесы, каркас;;Профиль главный 3.7 м;шт;0.23
Профиль, подвесы, каркас;;L-профиль для плитки;мп;1.0
Профиль, подвесы, каркас;;Труба профильная 70х40х2;мп;1.1
Профиль, подвесы, каркас;;"Удлинитель с наружной резьбой хромированный 1"" x 100 Stout";шт;1.0
Профиль, подвесы, каркас;Valtec;Соединитель пресс с переходом на ВР 25 - 1 VALTEC;шт;1.0
Профиль, подвесы, каркас;Valtec;Соединитель пресс с переходом на ВР 16 - 3/4 VALTEC;шт;1.0
Профиль, подвесы, каркас;;Профиль для светодиодной ленты (поставка Заказчика);;1.0
Профиль, подвесы, каркас;;Профиль грильято;м2;1.0
Профиль, подвесы, каркас;;Труба профильная 80х80х3 мм квадратная 3 м;мп;1.1
Профиль, подвесы, каркас;;Профиль для плитки до 12 мм латунь;мп;1.1
Профиль, подвесы, каркас;;Труба профильная 50х25х2,5 мм;мп;1.1
Профиль, подвесы, каркас;;Труба профильная 40х25х2,5 мм;мп;1.1
Профиль, подвесы, каркас;;Профиль «папа»;мп;8.34
Профиль, подвесы, каркас;;Профиль «мама»;мп;8.34
Профиль, подвесы, каркас;;Соединительный элемент;шт;0.28
Профиль, подвесы, каркас;;Оцинкованная шпилька для подвеса металлических лотков М8х1000. CM200801 ДКС;шт;1.0
Профиль, подвесы, каркас;;С-образный профиль BPM-41, толщ. 2,5мм, L=300 BPM4103 ДКС;шт;1.0
Профиль, подвесы, каркас;;Подвесной светодиодный светильник подсобных зон 30 W;шт;1.0
Профиль, подвесы, каркас;;Подвесной трек трехфазный, цвет черный (поставка Заказчика);мп;1.0
Профиль, подвесы, каркас;;Светодиодная лента UL-A160-8mm 24V Day4000 (12 W/m, IP20, 2835, 5m) (Arlight, 7 лет), Профиль FANTOM- W12-2000 ANOD (Arlight, Алюминий) (поставка Заказчика);мп;1.0
Профиль, подвесы, каркас;;Профиль направляющий UD 28/27;мп;0.8
Профиль, подвесы, каркас;;Профиль потолочный CD 60/27;мп;2.0
Профиль, подвесы, каркас;;Подвес прямой 60/27 (Деталь ES);шт;1.32
Профиль, подвесы, каркас;;Профиль усиленный UA 100х40 мм 3 м для дверных проемов 2 мм;мп;2.0
Профиль, подвесы, каркас;;Шпилька 12 мм;шт;1.0
Профиль, подвесы, каркас;;Плита к подвесному потолку 600х600х12 мм Armstrong Oasis Board;шт;2.78
Прочее;;Поставка заказчика;м2;"1.0;1.1"
Прочее;;Крепеж и расходные материалы;компл;1.0
Прочее;;Поставка Заказчика;шт;1.0
Прочее;;Фотолюминесцентный план эвакуации 300х400 в рамке из алюминиевого профиля;шт;1.0
Прочее;;Серверный шкаф поставка заказчика;шт;1.0
Прочее;;Лист просечно-вытяжной ПВЛ 5х1000х3000;м2;0.6
Прочее;;Поставка производителя мебели;м2;0.0
Прочее;;Машина;шт;1.0
Прочее;;Соединяющие части лотков;шт;1.0
Прочее;;Узел смешения комплектный Dantex;шт;1.0
Прочее;;ППГнг(A)-HF 3х1,5мм2 ППГнг(A)-HF;мп;1.02
Прочее;;ППГнг(A)-HF 3х2,5мм2 ППГнг(A)-HF;мп;1.02
Прочее;;ППГнг(A)-FRHF 3х1,5мм2 ППГнг(A)-FRLS;мп;1.02
Прочее;;Поставка заказчика б/у;шт;"1.0;1.05"
Прочее;;Встроенный аудиодинамик, цвет белый;шт;1.0
Прочее;;Лист стекломагниевый Magelan Премиум 2440x1220x12 мм;м2;1.1
Прочее;;ПуГПнг(А)-HF 1х6мм2 желто-зеленый ПуГПнг(А)-HF По ГОСТ;мп;1.02
Прочее;;ПуГПнг(А)-HF 1х4мм2 желто-зеленый ПуГПнг(А)-HF По ГОСТ;мп;1.02
Прочее;;Рулон K-FLEX 10x1000-20 ST AD К-Флекс К-Флекс;м2;1.1
Прочее;;ППГнг(А)-HF 3х1,5мм2;мп;1.02
Прочее;;ППГнг(А)-HF 3х2,5мм2;мп;1.02
Прочее;;ППГнг(А)-HF 3х4мм2;мп;1.02
Прочее;;ППГнг(А)-HF 3х6мм2;мп;1.02
Прочее;;ППГнг(А)-HF 5х2,5мм2;мп;1.02
Прочее;;ППГнг(А)-FRHF 3х1,5мм2;мп;1.02
Прочее;;ПуГПнг(A)-HF 1х6мм2 ж/з;мп;1.02
Прочее;;Врезка в прямоугольник из тонколистовой оцинкованной стали Ø125 мм , δ=0.5 мм РФ;шт;1.0
Прочее;;Переход из тонколистовой оцинкованной стали, Ø160-Ø125 мм δ=0.5 мм РФ;шт;1.0
Прочее;;Переход из тонколистовой оцинкованной стали, Ø200-Ø160 мм δ=0.5 мм РФ;шт;1.0
Прочее;;Переход из тонколистовой оцинкованной стали, Ø250-Ø200 мм δ=0.5 мм РФ;шт;1.0
Прочее;;КАНАЛЬНЫЙ ФАНКОЙЛ DF-020URT3/K;шт;1.0
Прочее;;Врезка в прямоугольник из тонколистовой оцинкованной стали Ø160 мм, δ=0.5 мм РФ;шт;1.0
Прочее;;Капиллярная трубка Ø10 мм;мп;1.1
Прочее;;Эвакуационный указатель ВЫХОД с блоком автономного питания 4 часа;шт;1.0
Прочее;;26303 АМСТЕРДАМ ОРАНЖЕВЫЙ МАТОВЫЙ 6Х28,5;м2;1.15
Прочее;;1337 АГУСТА ОРАНЖЕВЫЙ МАТОВЫЙ 98Х98мм;м2;1.15
Прочее;;Очиститель K-FLEX 1.0 lt К-Флекс К-Флекс;шт;1.0
Прочее;;Держатель с защелкой 32 мм для труб;шт;2.0
Прочее;;Пленум;шт;1.0
Прочее;;Музыкальный центр;шт;1.0
Прочее;Valtec;Кран шаровой латунный Valtec 16 обж(ц) х 1/2 ВР(г) для металлопластиковых труб бабочка прямой (VT.342.N.1604);шт;1.0
Прочее;;Баннер с печатью;м2;1.1
Прочее;;Деформационный шов ДШЛ-15;мп;1.1
Прочее;;Кассетный фанкойл (поставка Заказчика);шт;1.0
Прочее;;Колонка поставка заказчика;шт;1.0
Прочее;;Усилитель поставка заказчика;шт;1.0
Прочее;;Реле времени 2п.230А, 16А AT2e-R АВВ;шт;1.0
Прочее;;Разветвитель Т-образный 50x200;шт;1.0
Прочее;;Поперечная планка 0.6 м;шт;1.4
Прочее;;Поперечная планка 1.2 м;шт;1.4
Прочее;;Угол пристенный 3 м;мп;2.0
Прочее;Danfoss;Кран шаровый BVR20 (Danfoss);шт;1.0
Прочее;Danfoss;Фильтр сетчатый FVR-D 20 (Danfoss);шт;"1.0;2.0"
Прочее;;Переход круглого сечения ø160-ø125;шт;1.0
Прочее;;Блок питания для светодиодной ленты Apeyron (03-73) 300 Вт 24 В IP20;шт;1.0
Прочее;;Фреон 410;шт;1.0
Прочее;;Врезка круглая ø160-ø160;шт;1.0
Прочее;;Переход прямоугольного сечения 300x200-200x200;шт;1.0
Прочее;;Гибкий патрубок ø16;шт;1.0
Прочее;;Трубки теплоизоляционные толщиной 9 мм для `20;мп;1.05
Прочее;;Electrolux Водонагреватель проточный NPX 6;шт;1.0
Прочее;;Колонна (поставка Заказчика);шт;1.0
Прочее;;Osmo масло, спиртовый раствор;компл;1.0
Прочее;;Каучуковая изоляция в трубках (по 2 м) ST, K-Flex, ду50;мп;1.05
Прочее;;Водонагреватель электрический THERMO 100 V Thermex;шт;1.0
Прочее;;Подсветка Очарование / Dazzle 2700К 11Вт (поставка Заказчика);шт;1.0
Прочее;;Бра JEAN SCONCE;шт;1.0
Прочее;;Рамка на 1 пост Werkel Рамки и металла Shine Werkel. Купить в интернет магазине. W0012106;шт;1.0
Прочее;;Стопор для двери;шт;1.0
Прочее;;Газобетон Bonolit 100х250х600 мм D500;шт;1.0
Прочее;;Газобетон Bonolit 200х250х600 мм D500;м3;1.0
Прочее;;Металлическая панель с микроперфорацией Rd 1522 с флисом 1200x600x8 MicroLook 8;шт;2.78
Прочее;;Внутренний блок кассетного типа DF-600QBС/(E);шт;1.0
Прочее;;Врезка круглая ø250-ø250;шт;1.0
Прочее;;Врезка круглая ø315-ø315;шт;1.0
Прочее;;Зонт вытяжной островной из нержавеющей стали 1100х1100х400;шт;1.0
Прочее;;Зонт вытяжной островной из нержавеющей стали 1400х1100х400;шт;1.0
Прочее;;Зонт пристенный вытяжной из нержавеющей стали 1100х1000х400;шт;1.0
Прочее;;Зонт пристенный вытяжной из нержавеющей стали 1600х1200х400;шт;1.0
Прочее;;Искрогаситель Ятаган «Stream» 7.0;шт;1.0
Прочее;;Переход круглого сечения ø200-ø100;шт;1.0
Прочее;;Переход круглого сечения ø200-ø160;шт;1.0
Прочее;;Переход круглого сечения ø250-ø200;шт;1.0
Прочее;;Переход круглого сечения ø315-ø250;шт;1.0
Прочее;;Переход круглого сечения ø315-ø313;шт;1.0
Прочее;;Переход прямоугольного сечения 1200x500-800x400;шт;1.0
Прочее;;Трубка K-Flex ST/SK 9х25 мм, толщина 09 мм;мп;1.1
Прочее;;Трубка K-Flex ST/SK 9х35 мм, толщина 09 мм;мп;1.1
Прочее;;Трубка K-Flex ST/SK 9х42 мм, толщина 09 мм;мп;1.1
Прочее;;Трубка K-Flex ST/SK 9х54 мм, толщина 09 мм;мп;1.1
Прочее;;Угольник 90° из ПП 25;шт;1.0
Прочее;;Угольник 90° из ПП 32;шт;1.0
Прочее;;Угольник 90° из ПП 50;шт;1.0
Прочее;Valtec;"Кран шаровый-бабочка НР-НР 1"" VALTEC";шт;1.0
Прочее;Valtec;"Счетчик воды Пульсар RS485 1"" Valtec";шт;1.0
Прочее;;Трубки теплоизоляционные толщиной 9 мм для ⌀16 SUPER PROTECT ENERGOFLEX;мп;1.1
Прочее;;Трубки теплоизоляционные толщиной 9 мм для ⌀25 SUPER PROTECT ENERGOFLEX;мп;1.1
Прочее;;"Фильтр механической очистки латунный косой, ВР-ВР 1"" FAR";шт;1.0
Прочее;;"Заглушка с наружной резьбой 1"" Stout";шт;1.0
Прочее;;"Угольник равнопроходной с внутренней резьбой никелированный 1"" Stout";шт;1.0
Прочее;;"Угольник равнопроходной с внутренней/наружной резьбой 1"" Stout";шт;1.0
Прочее;;"Регулирующий коллектор 2 - 1"" х 3/4"" FAR";шт;1.0
Прочее;;"Регулирующий коллектор 3 - 1"" х 3/4"" FAR";шт;1.0
Прочее;;"Регулирующий коллектор 4 - 1"" х 3/4"" FAR";шт;1.0
Прочее;Valtec;Угольник напресовочный 25x90° VALTEC;шт;1.0
Прочее;Valtec;"Кран шаровый-бабочка НР-НР 1/2"" VALTEC";шт;1.0
Прочее;;Коллекторный шкаф Rispa;шт;1.0
Прочее;;Трап;шт;1.0
Прочее;;Диммер для освещения встраиваемый 230В IP20-23;шт;1.0
Прочее;;ППГнг(A)-HF 3х1,5мм2;мп;1.02
Прочее;;ППГнг(A)-HF 3х2,5мм2;мп;1.02
Прочее;;ППГнг(A)-HF 5х2,5мм2;мп;1.02
Прочее;;ППГнг(A)-HF 5х4мм2;мп;1.02
Прочее;;ПуГПнг(A)-HF 1х6мм2;мп;1.02
Прочее;;Поворот 90град 50x100;шт;1.0
Прочее;;Крышка лотка перфорированный 50x200х3000;шт;1.0
Прочее;;Поворот 90град 50x200;шт;1.0
Прочее;;Эвакуационный указатель с БАП 4ч.;шт;1.0
Прочее;;Трек магнитный l=5500 м (поставка Заказчика);шт;1.0
Прочее;;Трек магнитный l=6000 м (поставка Заказчика);шт;1.0
Прочее;;Трек магнитный l=6500 м (поставка Заказчика);шт;1.0
Прочее;;Люстра мазанка (поставка Заказчика);шт;1.0
Прочее;;Бра мазанка (поставка Заказчика);шт;1.0
Прочее;;Упаковочные материалы;компл;1.0
Прочее;;Люк напольный;компл;1.0
Прочее;;Изготовление рамки из нерж стали с полировкой;шт;1.0
Прочее;;Внутренний блок канального типа RKD-24BHANI Dantex;шт;1.0
Прочее;;Наружный блок сплит системы RKD-24HANIE-W Dantex;шт;1.0
Прочее;;Шумоглушитель CSA 160/600 CSA 160/600 Арктос;шт;1.0
Прочее;;Переход круглого сечения ø250-ø160;шт;1.0
Прочее;;Переход прямоугольного сечения 400x200-300x200;шт;1.0
Прочее;;Переход прямоугольного сечения 400x300-400x200;шт;1.0
Прочее;;Теплоизоляция, толщина 9 мм Energoflex;м2;1.1
Прочее;;Теплоизоляция, толщина 25 мм Energoflex;м2;1.1
Прочее;;Адаптер РЭД-КСД-И-ЛУК-РУ*-1/2щ ,ОС(RALБ/П),без ШПМ,без РУ,D,БВ(1),Н(200),Н1(11),В1(233);мп;1.0
Прочее;;"Универсальный монтажный комплект 3/4"" Rifar";компл;1.0
Прочее;;Термостат Uni Zehnder;шт;1.0
Прочее;;Тепловая завеса Тепломаш КЭВ-6П2281E 122037;шт;1.0
Прочее;;Счетчик электроэнергии трехфазный, многотариф., 5(60)А, кл.т 1/2, RS485 Меркурий 236 АRT-01 Инкотекс;шт;1.0
Прочее;;Контактор модульный 4п.4НО, Uk=230B, 63A ESB63-40N-06 АВВ;шт;1.0
Прочее;;Контактор модульный 4п.4НО, Uk=24B, 63A ESB63-40N-01 АВВ;шт;1.0
Прочее;;Трансформатор тока модульный 230/24В TS25 АВВ;шт;1.0
Прочее;;Обои (поставка Заказчика);м2;1.15
Прочее;;Рольставни;м2;1.0
Прочее;;Пульт управления рольставней;шт;1.0
Прочее;;Закладная;мп;1.0
Прочее;;Врезка в круг из тонколистовой оцинкованной стали, 200x100 в Ø100 мм δ=0.5 мм;шт;1.0
Прочее;;Врезка в круг из тонколистовой оцинкованной стали, 200x100 в Ø125 мм δ=0.5 мм;шт;1.0
Прочее;;Врезка в круг из тонколистовой оцинкованной стали, 300x100 в Ø160 мм δ=0.5 мм;шт;1.0
Прочее;;Врезка в круг из тонколистовой оцинкованной стали, 300x100 в Ø250 мм δ=0.5 мм;шт;1.0
Прочее;;Заглушка из тонколистовой оцинкованной стали, Ø100 мм δ=0.5 мм;шт;1.0
Прочее;;Заглушка из тонколистовой оцинкованной стали, Ø160 мм δ=0.5 мм;шт;1.0
Прочее;;Заглушка из тонколистовой оцинкованной стали, Ø250 мм δ=0.7 мм;шт;1.0
Прочее;;Переход из тонколистовой оцинкованной стали, Ø125-Ø100 мм δ=0.5 мм РФ;шт;1.0
Прочее;;Переход из тонколистовой оцинкованной стали, Ø315-Ø160 мм δ=0.7 мм РФ;шт;1.0
Прочее;;Переход из тонколистовой оцинкованной стали, Ø315-Ø160 мм δ=0.5 мм РФ;шт;1.0
Прочее;;Кассетный фанкойл 5,7 кВт Shuft SFR-850R V2;шт;1.0
Прочее;;Кассетный фанкойл 2,5 кВт Shuft SFR-300 V2;шт;1.0
Прочее;;NEKK P 38W 4000K Ra90 T80 IP67 1270x40mm GR (поставка Заказчика);шт;1.0
Прочее;;Эвакуационный указатель ВЫХОД поставка заказчика;шт;1.0
Прочее;;Разветвитель Т-образный 100x100;шт;1.0
Прочее;;Рама настенная поставка заказчика;комп;1.0
Прочее;;Комплект крепления v-образный;шт;1.0
Прочее;;Плита гипсостружечная Пешелань 2500х1250х12 мм влагостойкая прямая кромка;м2;1.1
Прочее;;Несущая направляющая C180;мп;0.84
Прочее;;Несущая направляющая C240;мп;0.84
Прочее;;Несущая направляющая C120;мп;1.67
Прочее;;Несущая направляющая C60;мп;0.84
Прочее;;Фасонные части;м2;1.0
Прочее;;Фанкойл канальный + пленумы, 2-х трубный GDU-W-06DR General Climate;шт;1.0
Прочее;;Фанкойл канальный + пленумы, 2-х трубный GDU-W-08DR General Climate;шт;1.0
Прочее;;Теплоизоляция на трубу Ф40, толщина 13 мм. K-Flex;мп;1.05
Прочее;;Теплоизоляция на трубу Ф50, толщина 13 мм. K-Flex;мп;1.05
Прочее;;Шаровой кран Ду15 (слив воды, выпуск воздуха) ВР-НР Bugatti;шт;1.0
Прочее;;Шаровой кран с американкой ДУ25 НР-ВР Bugatti;шт;1.0
Прочее;;Фильтр сетчатый ДУ25 ВР ФММ-25 Itap;шт;1.0
Прочее;;Кран трехходовой для манометра;шт;1.0
Прочее;;Манометр, 0…10 бар 111,1 WIKA;шт;1.0
Прочее;;Термоманометр, 0…10 бар Watts;шт;1.0
Прочее;;Теплоизоляция на трубу Ф32, толщина 6 мм. K-Flex;мп;1.05
Прочее;;Счетчик электрической энергии Меркурий 236 ART 01 PQRS 5(60)A Меркурий 236 ART 01 PQRS incotex;шт;1.0
Прочее;ABB;Реле силовое, напряжение катушки 220В ESB 63-40N-06 1SAE351111R0640 ABB;шт;1.0
Прочее;ABB;Реле силовое, напряжение катушки 220В ESB 25-40N-06 1SAE231111R0640 ABB;шт;1.0
Прочее;ABB;Реле силовое, напряжение катушки 24В ESB 25-40N-01 1SAE231111R0140 ABB;шт;1.0
Прочее;ABB;Трансформатор разделительный безопасности 12-24V TS63/12-24C 2CSM631043R0811 ABB;шт;1.0
Прочее;ABB;Реле времени с резервным питанием 150 часов AT2e-7R 16А 1НО/НЗ 2CSM231245R0601 ABB;шт;1.0
Прочее;IEK;Бокс для пломбировки кнопочного поста IEK;шт;1.0
Прочее;;Пост кнопочный аварийной остановки OptiSignal возврат поворотом IP65 D22 C5-BK-1-ESTR-11 КЭАЗ;шт;1.0
Прочее;;Автономная установка пожаротушения ФОГ ШНУР 100;шт;1.0
Прочее;;Люстра декоративная 100 W (поставка Заказчика);шт;1.0
Прочее;;Ответвитель Т образный 200х50мм 200х50мм ДКС;шт;1.0
Прочее;;Ответвитель Т образный 50х50мм 200х50мм ДКС;шт;1.0
Прочее;;Переходник 200/100 36310KHDZ ДКС;шт;1.0
Прочее;;Угол CPO 90 горизонтальный 100х50мм 36002K ДКС;шт;1.0
Прочее;;Угол CPO 90 горизонтальный 50х50мм 36000K ДКС;шт;1.0
Прочее;;ИБП для установки в IT шкаф 220В 1.5 кВт (мощность уточнить);шт;1.0
Прочее;;Люк ревизионный Эвент ЛП пластиковый 400х400;шт;1.0
Прочее;;Музыкальный ресивер - Вектор ТУ-60М;шт;1.0
Прочее;;Зеркало;м2;1.0
Прочее;;Стол;шт;1.0
Прочее;;Рабочее кресло;шт;1.0
Прочее;;Вешалка;шт;1.0
Прочее;;Тумба;шт;1.0
Прочее;;Стеллаж 1000х400 мм перфорированные полки;шт;1.0
Прочее;;Стеллаж 700х400 мм перфорированные полки;шт;1.0
Прочее;;Джокерная система хранения;шт;1.0
Прочее;;"Подрядчик: ООО ""Сервис Бро""";;
Прочее;;ФИО________________________________/И.C. Мальцев/;;
Прочее;;Камера статического давления 2000х200h;шт;1.0
Прочее;;Теплоизоляция, толщина 9 мм ENERGOFLEX SUPER Energoflex;м2;1.1
Прочее;;Поворот 90град 50х150;шт;1.0
Прочее;;Разветвитель Т-образный 50х150;шт;1.0
Прочее;;Стеклянный кирпич 200х100х50 мм (поставка заказчика);шт;1.0
Прочее;;Вывеска светодиодные буквы;компл;1.0
Прочее;;Фиброволокно армирующее для бетонов и растворов из стекловолокна КМ 1 кг;шт;1.0
Прочее;;Трубка K-FLEX 13x042-2 ST K-Flex ST K-Flex;мп;1.1
Прочее;;Фасонные изделия из оцинкованной стали;м2;1.1
Прочее;;Контактор модульный 4п.4НО, Uk=230B, 40A ESB АВВ;шт;
Прочее;;Трансформатор тока 230/12-24В TS25 АВВ;шт;
Прочее;;ППГнг(А)-HF 3х2,5мм2 ППГнг(А)-HF Конкорд;мп;1.02
Прочее;;ППГнг(А)-HF 3х1,5мм2 ППГнг(А)-HF Конкорд;мп;1.02
Прочее;;ППГнг(А)-FRHF 3х1,5мм2 ППГнг(А)-FRHF Конкорд;мп;1.02
Прочее;;ПуГПнг(А)-HF 1х6мм2 ПуГПнг(А)-HF Конкорд;мп;1.02
Прочее;;Поворот 90град 50x50;шт;1.0
Прочее;;Подрядчик: Индивидуальный предприниматель Назарова Евгения Анатольевна ________________________ / Е.А. Назарова М.П.;;
Прочее;;Гобелен (поставка Заказчика);м2;1.15
Прочее;;Дренажная помпа SI82 Sauerman;шт;1.0
Прочее;;Воздухораспределитель ДПУ-М 125;шт;1.0
Прочее;;Воздухораспределитель ДПУ-М 160;шт;1.0
Прочее;;Металлоконструкции для крепления;кг;1.0
Прочее;Danfoss;Фильтр сетчатый, муфтовый с внутренней резьбой ∅1'' (Ду25) Danfoss;шт;1.0
Прочее;;Шаровый спускной кран ∅1/2'' (Ду15);шт;1.0
Прочее;;Шаровый кран стандартнопроходный ∅1'' (Ду25);шт;1.0
Прочее;Danfoss;"Шаровый кран стандартнопроходный ∅1/2"" (Ду15) Danfoss";шт;1.0
Прочее;;Кран трех ходовой под манометр ∅1/2'';шт;1.0
Прочее;;Термоманометр Росма;шт;1.0
Прочее;;Автономная установка пожаротушения ФОГ 65 Пластина ФОГ65 Русинтех;шт;1.0
Прочее;;Светодиодная подсветка в алюминиевом профиле 14,4 W/м (поставка Заказчика);мп;1.0
Прочее;;Диммер освещения;шт;1.0
Прочее;;Кнопка грибовидная красная с фиксацией, с подсветкой 2НО+2HЗ ВК22-AEAL-RED-NEO DEKraft;шт;1.0
Прочее;;Пост кнопочный 1 место КП101-1-01-Р DEKraft;шт;1.0
Прочее;;"Исполнитель: Генеральный директор ООО ""Сервис Бро"" __________________ И.С. Мальцев";;
Прочее;;Люк ревизионный напольный;компл;1.0
Прочее;;Фасонные элементы;компл;1.0
Прочее;;Воздухораспределители ДПУ-М 100;шт;1.0
Прочее;;Воздухораспределители ДПУ-М 125;шт;1.0
Прочее;;Фанкоил кассетный 2-хтрубный с декор.панелью, узлом обвязки и ПУ LSF-400BP22С Lessar;шт;1.0
Прочее;;Пульт управления;шт;1.0
Прочее;Danfoss;"Фильтр сетчатый, муфтовый с внутренней резьбой Y222 3/4"" Danfoss";шт;1.0
Прочее;;Термометр giacomini;шт;1.0
Прочее;;Манометр, 0…10bar R225IY007 giacomini;шт;1.0
Прочее;Danfoss;"Шаровый кран полнопроходный BVR 3/4"" Danfoss";шт;1.0
Прочее;;Изоляционные цилиндры толщиной 13 мм (класс горючести - Г1) ST 13x030 К-flex;мп;1.1
Прочее;;Изоляционные цилиндры толщиной 9 мм (класс горючести - Г1) ST 09x028 К-flex;мп;1.1
Прочее;;Счетчик активной энергии электронный трехфазный Меркурий 236 ART-01 PQRS 5(60)А ОАО 'ЛЭМЗ';шт;1.0
Прочее;ABB;Магнитный пускатель ABB ESB 25-40N-06 ABB;шт;1.0
Прочее;ABB;Магнитный пускатель ABB ESB 25-20N-06 ABB;шт;1.0
Прочее;ABB;Магнитный пускатель ABB ESB 25-40N-01 ABB;шт;1.0
Прочее;ABB;Трансформатор на DIN-рейку TS25/12-24C ABB;шт;1.0
Прочее;;Блок питания ARV-SN24150A (24V, 6.25A, 100W, PFC (поставка Заказчика);шт;1.0
Прочее;;"Металлический крепеж для лотка ""ПРОМРУКАВ""";компл;1.0
Прочее;;Мелкий крепежный материал;кг;1.0
Прочее;;Оборудование СКУД;шт;1.0
Прочее;;Колонна полиуретановая (поставка Заказчика);шт;1.0
Прочее;;Арматура 14 мм;мп;1.15
Прочее;;Закладные для крепления оборудования (поставка Заказчика);шт;1.0
Прочее;;Врезка круглая ø100-ø100;шт;1.0
Прочее;;Врезка круглая ø125-ø125;шт;1.0
Прочее;;Врезка прямоугольная 300x200-300x200;шт;1.0
Прочее;;Камера статического давления 500х150h;шт;1.0
Прочее;;Переход прямоугольного сечения 300x250-300x200;шт;1.0
Прочее;;Переход прямоугольного сечения 300x300-300x250;шт;1.0
Прочее;;Переход прямоугольного сечения 600x400-400x300;шт;1.0
Прочее;;Внутренний блок канального типа DF-0300UR-T2/L Dantex;шт;1.0
Прочее;;Внутренний блок канального типа DF-0700UR-T2/L Dantex;шт;1.0
Прочее;;Внутренний блок кассетного типа DF-300QAEC-P4 Dantex;шт;1.0
Прочее;;Угольник 90° из ПП, 25 PPR;шт;1.0
Прочее;;Угольник 90° из ПП, 32 PPR;шт;1.0
Прочее;;ППГнг(А)-HF 3х2,5мм2 ППГнг(А)-HF По ГОСТ;мп;1.02
Прочее;;ППГнг(А)-HF 3х1,5мм2 ППГнг(А)-HF По ГОСТ;мп;1.02
Прочее;;ППГнг(А)-FRHF 3х1,5мм2 ППГнг(А)-FRHF По ГОСТ;мп;1.02
Прочее;;UTP LSZH нг(А)-HF cat.5e;мп;1.02
Прочее;;Поворот 90град АО 50х50;шт;1.0
Прочее;;Разветвитель Т-образный АО 50х50;шт;1.0
Прочее;;Поворот 90град 50х50;шт;1.0
Прочее;;Разветвитель Т-образный 50х50;шт;1.0
Прочее;;Разветвитель Т-образный 50х100;шт;1.0
Прочее;;Крестовина 150х50;шт;1.0
Прочее;;Поворот 90град слаботочный 50х50;шт;1.0
Прочее;;Разветвитель Т-образный слаботочный 50х50;шт;1.0
Прочее;;Акустическая колонка (поставка Заказчика);шт;1.0
Прочее;;Lumixon, T6104 (поставка Заказчика);шт;1.0
Прочее;;"Световое табло ""ВЫХОД""";шт;1.0
Прочее;;КАССЕТНЫЙ ФАНКОЙЛ DF-009QAEC;шт;1.0
Прочее;;Колонка CSL-10T Volta;шт;1.0
Прочее;;Комбинированный микшер-усилитель ТУ-6060М Вектор;шт;1.0
Прочее;;Исполнитель:;;
Прочее;;Индивидуальный предприниматель;;
Прочее;;_____________________________________ Е.А. Назарова;;
Прочее;;м.п.;;
Прочее;;Теплоизоляционная PIR-плита 50 мм PIRROGROUP Термо 585x1185 мм;м2;10.1
Прочее;;Теплоизоляционная PIR-плита 30 мм PIRROGROUP Термо 585x1185;м2;1.1
Прочее;;Пеностекольный щебень фр. 10-40мм;м3;1.27
Прочее;;Мешки, Osmo масло, спиртовый раствор;компл;1.0
Прочее;;Цветной пластик поставка заказчика;;
Прочее;;Клавиша смыва Tece;шт;1.0
Прочее;;Манжета 50х25 для подключения сантехнических приборов;шт;1.0
Прочее;Valtec;Угольник напресовочный 32x45° VALTEC;шт;1.0
Прочее;Valtec;Угольник напресовочный 32x90° VALTEC;шт;1.0
Прочее;;Трубки теплоизоляционные толщиной 9 мм для `16;мп;1.05
Прочее;;Термекс Водонагреватель аккумуляционный электрический THERMEX;шт;1.0
Прочее;;Врезка круглая д160-д160;шт;1.0
Прочее;;Врезка прямоугольная 300x100-300x100;шт;1.0
Прочее;;Врезка прямоугольная 450x200-450x200;шт;1.0
Прочее;;Врезка прямоугольная 500x200-500x200;шт;1.0
Прочее;;Врезка прямоугольная 650x200-650x200;шт;1.0
Прочее;;Заглушка прямоугольная 300x200;шт;1.0
Прочее;;Заглушка прямоугольная 350x250;шт;1.0
Прочее;;Заглушка прямоугольная 400x200;шт;1.0
Прочее;;Заглушка прямоугольная 450x200;шт;1.0
Прочее;;Заглушка прямоугольная 500x200;шт;1.0
Прочее;;Заглушка прямоугольная 650x200;шт;1.0
Прочее;;Переход круглого сечения 160-100;шт;1.0
Прочее;;Переход прямоугольного сечения 300x200-300x100;шт;1.0
Прочее;;Переход прямоугольного сечения 350x250-300x200;шт;1.0
Прочее;;Переход прямоугольного сечения 400x250-300x200;шт;1.0
Прочее;;Переход прямоугольного сечения 550x250-400x200;шт;1.0
Прочее;;Переход прямоугольного сечения 650x250-350x250;шт;1.0
Прочее;;Переход прямоугольного сечения 800x250-400x250;шт;1.0
Прочее;;Переход прямоугольного сечения 1100x250-550x250;шт;1.0
Прочее;;Адаптер угловой РЭД-КСД-И-ЛУК-РУ*-У(П),3щ,300х300,ОС(RALБ/П),без ШПМ,без РУ,без врезок,Н(200),Н1(11),В1(290),эск;шт;1.0
Прочее;;Адаптер РЭД-КСД-И-ЛУК-РУ*-2щ-2000,ОС(RALБ/П),без ШПМ,без РУ,D(???),БВ(1),Н(200),Н1(11),В1(233);шт;1.0
Прочее;;Адаптер РЭД-КСД-И-ЛУК-РУ*-3щ-1000,ОС(RALБ/П),без ШПМ,без РУ,D(???),БВ(1),Н(200),Н1(11),В1(290);шт;1.0
Прочее;;Адаптер РЭД-КСД-И-ЛУК-РУ*-3щ-1200,ОС(RALБ/П),без ШПМ,без РУ,D(???),БВ(1),Н(200),Н1(11),В1(290);шт;1.0
Прочее;;Адаптер РЭД-КСД-И-ЛУК-РУ*-3щ-1430,ОС(RALБ/П),без ШПМ,без РУ,D(???),БВ(1),Н(200),Н1(11),В1(290);шт;1.0
Прочее;;Адаптер РЭД-КСД-И-ЛУК-РУ*-3щ-1500,ОС(RALБ/П),без ШПМ,без РУ,D(???),БВ(1),Н(200),Н1(11),В1(290);шт;1.0
Прочее;;Адаптер РЭД-КСД-И-ЛУК-РУ*-3щ-1600,ОС(RALБ/П),без ШПМ,без РУ,D(???),БВ(1),Н(200),Н1(11),В1(290);шт;1.0
Прочее;;Адаптер РЭД-КСД-И-ЛУК-РУ*-3щ-1800,ОС(RALБ/П),без ШПМ,без РУ,D(???),БВ(1),Н(200),Н1(11),В1(290);шт;1.0
Прочее;;Адаптер РЭД-КСД-И-ЛУК-РУ*-3щ-1850,ОС(RALБ/П),без ШПМ,без РУ,D(???),БВ(1),Н(200),Н1(11),В1(290);шт;1.0
Прочее;;Адаптер РЭД-КСД-И-ЛУК-РУ*-3щ-1900,ОС(RALБ/П),без ШПМ,без РУ,D(???),БВ(1),Н(200),Н1(11),В1(290);шт;1.0
Прочее;;Адаптер РЭД-КСД-И-ЛУК-РУ*-3щ-2050,ОС(RALБ/П),без ШПМ,без РУ,D(???),БВ(1),Н(200),Н1(11),В1(290);шт;1.0
Прочее;;Адаптер РЭД-КСД-И-ЛУК-РУ*-3щ-2200,ОС(RALБ/П),без ШПМ,без РУ,D(???),БВ(1),Н(200),Н1(11),В1(290);шт;1.0
Прочее;;Адаптер РЭД-КСД-И-ЛУК-РУ*-3щ-2600,ОС(RALБ/П),без ШПМ,без РУ,D(???),БВ(1),Н(200),Н1(11),В1(290);шт;1.0
Прочее;;Ремонтный раствор;мп;1.1
Прочее;;Поворот 90град 50х200;шт;1.0
Прочее;;Разветвитель Т-образный 50х200;шт;1.0
Прочее;;Поворот 90град;шт;1.0
Прочее;;Разветвитель Т-образный АО;шт;1.0
Прочее;;Метизы;компл;1.0
Прочее;;Заказное изделие согласно спецификации;шт;1.0
Прочее;;"Исполнитель: ООО ""Сервис Бро""";;
Прочее;;ФИО ________________________________ /Мальцев И.С./;;
Штукатурка и шпаклёвка;;Шпаклевка гипсовая Pufas Full-Finish Spachtel 20 кг;кг;"0.4;1.0;1.5"
Штукатурка и шпаклёвка;;Шпаклёвка универсальная Sheetrock;л;1.0
Штукатурка и шпаклёвка;Knauf;Шпатлевка финишная Knauf Ротбанд паста Профи 18 кг;кг;0.48
Штукатурка и шпаклёвка;Knauf;Штукатурка гипсовая Knauf Ротбанд;кг;17.0
Штукатурка и шпаклёвка;Волма;Штукатурка цементная Волма Акваслой легкая 25 кг;кг;12.5
Штукатурка и шпаклёвка;;Штукатурка декоративная;кг;1.2
Штукатурка и шпаклёвка;;Штукатурка декоративная уточняется;кг;1.6
Электрика;;Коробка установочная;шт;1.0
Электрика;;Огнезащитное покрытие МПВО;кг;"0.18;1.8"
Электрика;;Кабель витая пара UTP 4PR 24AWG cat.5e CU нг(А)-HF;мп;1.02
Электрика;;Выключатель встраиваемый одноклавишный 230В IP20-23;шт;1.0
Электрика;;Прожекторы, распаячные коробки, розетки, клеммники;компл;1.0
Электрика;;Розетка RJ45 одинарная на два разъема скрытой установки IP20-23;шт;1.0
Электрика;;Рамка для розеток и выключателей универсальная на 1 пост;шт;1.0
Электрика;;Рамка для розеток и выключателей универсальная на 2 поста;шт;1.0
Электрика;;Шинопровод (поставка Заказчика);мп;1.0
Электрика;;Розетка одинарная встраиваемая 230В IP20-23;шт;1.0
Электрика;;Рамка для розеток и выключателей универсальная на 4 поста;шт;1.0
Электрика;;Рамка для розеток и выключателей универсальная на 5 постов;шт;1.0
Электрика;;Выключатель встраиваемый двухклавишный 230В IP20-23;шт;1.0
Электрика;;Теплоизоляция для трубопроводов б=13 мм 25x13 ST K-FLEX;мп;"1.05;1.1"
Электрика;;Труба гофрированная ПЛЛ 20 мм;мп;1.02
Электрика;;Лоток перфорированный 50x50х3000;шт;1.0
Электрика;;Акустический кабель КА215 на(А)-HF 2х1,5мм2;мп;"1.0;1.02"
Электрика;;Коробка уравнивания потенциалов 8 вводов;шт;1.0
Электрика;;Распределительная коробка открытой установки квадратная IP20-23;шт;1.0
Электрика;;Распределительная коробка открытой установки квадратная огнестойкая;шт;1.0
Электрика;;Рамка для розеток и выключателей универсальная на 3 поста;шт;1.0
Электрика;;Витая пара CSP-UTP-LSZH-4-CU;мп;"1.0;1.02"
Электрика;;Лоток перфорированный 50x200х3000;шт;1.0
Электрика;;Грязезащитная решетка (резина+скребок);м2;1.0
Электрика;;Кабель акустический 2х0,5 красно-черный;мп;1.02
Электрика;;Теплоизоляция для трубопроводов б=13 мм 40x13 ST K-FLEX;мп;"1.05;1.1"
Электрика;;Крепления воздуховодов, трубопроводов, оборудования масса металла;кг;1.0
Электрика;;Розетка RJ45 одинарная на один разъем скрытой установки IP20-23;шт;1.0
Электрика;;Лоток перфорированный 50x100х3000;шт;1.0
Электрика;;Диффузор универсальный круглый ДПУ-М 100 Арктос;шт;1.0
Электрика;;Теплоизоляция для трубопроводов б=6 мм 32x6 ST K-FLEX;мп;1.1
Электрика;;Щит распределительный накладной ЩРн-60 ИЕК;шт;1.0
Электрика;;Прожекторы на шинопровод (поставка Заказчика);шт;1.0
Электрика;;Светильник для потолка Армстронг (поставка Заказчика);шт;1.0
Электрика;;Светильник аварийный с блоком автономного питания 4 часа;шт;1.0
Электрика;;Труба гофрированная ППЛ 20 мм;мп;1.02
Электрика;;Лоток перфорированный для силовых линий 50x100х3000;шт;1.0
Электрика;;Светильник аварийный светодиодный MIZAR SP 3.2вт LED 3ч постоянный (4502001210) E-12 MIZAR 4023-4 Led SР Световые технологии;шт;1.0
Электрика;;"Светильник эвакуационный ""Выход прямо"" (ГОСТ 12.2.143-2009), в.р. не менее 3 часов";шт;1.0
Электрика;;Коробка распаечная для открытой проводки. Материал: пластмасса серого цвета. Намечено 8 отв. диам.19 мм. Комплектуется крышкой.;шт;1.0
Электрика;;Монтажная пластина для крепления распределительной коробки на лоток;шт;1.0
Электрика;;Светильник встраиваемый (поставка Заказчика);шт;1.0
Электрика;;Воздуховод гибкий гофрированный ø160 SONODUCT Арктос;мп;"1.0;1.05"
Электрика;;Щит металлический в сборе по спецификации;шт;1.0
Электрика;;Светильник (поставка заказчика);шт;1.0
Электрика;;Автоматический выключатель 1п.C16A, Io.c=6кА S201 АВВ;шт;1.0
Электрика;Danfoss;Автоматический воздухоотводчик Airvent Ду15 (Danfoss);шт;"1.0;3.0"
Электрика;;Воздуховод гибкий гофрированный ø100 SONODUCT Арктос;мп;"1.0;1.05"
Электрика;;Пластиковый диффузор ДПУ-М 100 Арктос;шт;1.0
Электрика;;"Фитинг аксиальный универсальный – водорозетка надвижная 16 (2,2) мм х 1/2""";шт;1.0
Электрика;;Аварийный светильник;шт;1.0
Электрика;;Трековый светильник Фокус / Focus Led Flarity 3000K 12Вт 50° (поставка Заказчика);шт;1.0
Электрика;;Светильник (поставка Заказчика);шт;1.0
Электрика;Legrand;Legrand розетка в пол, встраиваемый розеточный блок;шт;1.0
Электрика;;Рамка для двойной розетки Werkel Рамки и металла Shine Werkel;шт;1.0
Электрика;;Розетка с заземлением и шторками Werkel Серебро W1171106;шт;1.0
Электрика;;Розетка Eight врезная в столешницу;шт;1.0
Электрика;;Выключатель;шт;1.0
Электрика;;Кабель видеонаблюдения КВК 2х0,75мм;мп;1.02
Электрика;;Воск защитный L'impression Cire Protect для известковых декоративных покрытий бесцветный 1 л;кг;0.1
Электрика;;Воздуховод гибкий гофрированный ø100 SONODUCT;мп;1.1
Электрика;;Воздуховод гибкий гофрированный ø160 SONODUCT;мп;1.1
Электрика;;Пластиковый диффузор ДПУ-М 100;шт;1.0
Электрика;;Пластиковый диффузор ДПУ-М 125;шт;1.0
Электрика;;Пластиковый диффузор ДПУ-М 160 мм;шт;1.0
Электрика;;Пластиковый диффузор ДПУ-М 200 мм;шт;1.0
Электрика;;Пластиковый диффузор ДПУ-М 250;шт;1.0
Электрика;Valtec;"Фитинг аксиальный универсальный – водорозетка надвижная 16 (2,2) мм х 1/2"" VALTEC";шт;1.0
Электрика;;Щит согласно проекта ЭОМ;шт;1.0
Электрика;;Розетка одинарная встраиваемая 230В со шторкой IP44-66;шт;1.0
Электрика;;Розетка силовая 400В, 32А;шт;1.0
Электрика;;Розетка одинарная накладная 230В IP20-23;шт;1.0
Электрика;;Розетка четверная накладная 230В IP20-23;шт;1.0
Электрика;;Установочная коробка (подрозетк);шт;1.0
Электрика;;Гофр.тр HF Д20 с протяжкой;мп;1.02
Электрика;;Гофр.тр HF Д32 с протяжкой;мп;1.02
Электрика;;Лоток перфорированный для 50x50х3000;шт;1.0
Электрика;;Светильник аварийный непост.действ. с БАП 4ч.;шт;1.0
Электрика;;Led панель Armstrong (поставка Заказчика);шт;1.0
Электрика;;Светильник линейный светодиодный Volpe ULO-Q141 18 ВТ (поставка Заказчика);шт;1.0
Электрика;;Светильник линейный светодиодный Volpe ULO-Q141 36 ВТ (поставка Заказчика);шт;1.0
Электрика;;Трековый светильник (поставка Заказчика);шт;1.0
Электрика;;Светодиодный светильник влагостойкий (поставка Заказчика);шт;1.0
Электрика;;Кабель ППГнг(А)-FRHF 3х1,5;мп;1.02
Электрика;;Гофрированные трубы, безгалогенные (HF) серии FR, Диам. внеш/внутр = 20/14,1 мм ГОСТ Р МЭК 61386.1-2014 ТУ 27.90.12-001-52715257-2018 PR02.0398 Промрукав;мп;1.02
Электрика;;Пульт управления проводной в комплекте Dantex;шт;1.0
Электрика;IEK;Щит распределительный накладной 120 модулей ЩРн-120 (2х60) 835х570х140мм IP54 TITAN5 IEK;шт;1.0
Электрика;;Автоматический выключатель 3п.С50А, Iо.с=6кА S203 АВВ;шт;1.0
Электрика;;Выключатель дифференциального тока (ВДТ) 4п.63А, dI=300mA, Iо.с=6кА, А-S F204 АВВ;шт;1.0
Электрика;;Устройство пожаротушение автоматическое АОС ООО Наука и технологии;шт;1.0
Электрика;;Устройство пожаротушение автоматическое УПАП ЩИТ-100 Пожарный Эталон;шт;1.0
Электрика;;Автоматический выключатель 3п.C16А, Io.c=6кА S203 АВВ;шт;1.0
Электрика;;Автоматический выключатель 1п.C25A, Io.c=6кА S201 АВВ;шт;1.0
Электрика;;Автоматический выключатель 1п.C10А, Io.c=6кА S201 АВВ;шт;1.0
Электрика;;Автоматический выключатель 1п.C6А, Io.c=6кА S201 АВВ;шт;1.0
Электрика;;Автоматический выключатель дифференциального тока (АВДТ) 2п.C32A, 30мА, DS201 АВВ Io.c=6кА, Тип AC;шт;1.0
Электрика;;Автоматический выключатель дифференциального тока (АВДТ) 2п.C25A, 30мА, DS201 Io.c=6кА, Тип AC;шт;1.0
Электрика;;Автоматический выключатель дифференциального тока (АВДТ) 2п.C16A, 30мА, DS201 АВВ Io.c=6кА, Тип A;шт;1.0
Электрика;;Розетка 220V, врезная Jung LS990. Нержавеющая сталь (металл) трехпостовая;шт;1.0
Электрика;;Розетка 220V, врезная Jung LS990. Нержавеющая сталь (металл);шт;1.0
Электрика;;Розетка 220V, врезная Schneider Atlas design. Алюминий;шт;1.0
Электрика;;Розетка 220V, врезная (поставка Заказчика. Мосгорцех);шт;1.0
Электрика;;Распределительная коробка открытой установки квадратная IP44-66;шт;1.0
Электрика;;Установочная коробка;шт;1.0
Электрика;;Вводной кабель ППГнг(А)-HF;мп;1.02
Электрика;;Труба гофрированная ПЛЛ 32 мм;мп;1.02
Электрика;;Эвакуационный светильник;шт;1.0
Электрика;;Светильник Aledo (поставка Заказчика);шт;1.0
Электрика;Legrand;Кабельный канал 100х50 для защиты проводов и кабелей от механических повреждений, влаги, грязи. КК 100х50 Legrand;мп;1.05
Электрика;;Теплоизоляция для трубопроводов б=13 мм 32x13 ST K-FLEX;мп;1.05
Электрика;;Теплоизоляция для трубопроводов б=6 мм 25x6 ST K-FLEX;мп;1.05
Электрика;;Щит распределительный согласно спецификации;шт;1.0
Электрика;;Выключатель (мастер) встраиваемый одноклавишный 230В IP20-23;шт;1.0
Электрика;;TUNIC LED spot II 25W 3000K Ra90 60°(Lumileds) 700mA (поставка Заказчика);шт;1.0
Электрика;;TUNIC LED spot II 25W 3000K Ra90 23°(Lumileds) 700mA (поставка Заказчика);шт;1.0
Электрика;;TUNIC LED spot II 25W 3000K Ra90 45°(Lumileds) 700mA (поставка Заказчика);шт;1.0
Электрика;;Светильник аварийный поставка заказчика;шт;1.0
Электрика;DKC;Труба гофрированная ППЛ DKC 20 мм;мп;1.02
Электрика;;Лоток перфорированный 100x100х3000;шт;1.0
Электрика;;Диффузор потолочный круглый ДПУ-М 125 Арктика;шт;1.0
Электрика;;Диффузор квадратный с камерой статического давления 4АПН 300х300 Арктика;шт;1.0
Электрика;;Проводной пульт управления General Climate;шт;1.0
Электрика;;Воздухоотводчик автоматический Ду15 НР Itap;шт;1.0
Электрика;Danfoss;Автоматический балансировочный клапан c измерительными ниппелями, Danfoss ниппелями ДУ25 AQT (AB-QM) Danfoss;шт;1.0
Электрика;;Выключатель автоматический трехфазный S203 C16 2CDS253001R0164 АВВ;шт;1.0
Электрика;ABB;Устройство защитного отключения УЗО F204 25/0,3А 2CSF204001R3250 ABB;шт;1.0
Электрика;ABB;Выключатель автоматический двухполюсный S202 C6 2CDS252001R0064 ABB;шт;1.0
Электрика;ABB;Выключатель автоматический однополюсный S201 C6 2CDS251001R0064 ABB;шт;1.0
Электрика;;Выключатель автоматический трехфазный S203 C10 2CDS253001R0104 АВВ;шт;1.0
Электрика;ABB;Выключатель автоматический однополюсный S201 C10 2CDS251001R0104 ABB;шт;1.0
Электрика;ABB;Дифференциальный выключатель двухполюсный 10/0,03А DSH201R 2CSR245072R1104 ABB;шт;1.0
Электрика;Legrand;Штепсельная розетка, для скрытой проводки 2К+З, 250В, 16А, IP44 с защитными шторками. по дизайн-проекту Legrand;шт;1.0
Электрика;Legrand;Выключатель одноклавишный, скрытой установки, 250В, 10А, по дизайн-проекту Legrand;шт;1.0
Электрика;Legrand;Штепсельная розетка, для установки в кабель-канал 2К+З, 250В, 16А, IP21 с защитными шторками. Mosaic Legrand;шт;1.0
Электрика;;Коробка для установки розеток и выключателей Промрукав;шт;1.0
Электрика;;Прожектор на шинопроводе LED SNPER G 3000К CRI90 24Вт 15 гр. цв. белый + золото LED SNPER G 3000К CRI90 24Вт 15 гр. белый + золото (поставка Заказчика);шт;1.0
Электрика;;Прожектор на шинопроводе SNPER G 3000К CRI90 24вт 55 гр. цв. белый+золото SNPER G 3000К CRI90 24вт 55 гр. белый + золото (поставка Заказчика);шт;1.0
Электрика;;Светильник CORA встроенный QUNA A Mini 28W 930 24 гр. белый QUNA A Mini 28W 930 24 гр. белый (поставка Заказчика);шт;1.0
Электрика;;Светильник ALEDO встроенный 2х28W Scoop Cardan CRI90 3000K 25 гр. цв. белый ALEDO 2х28W Scoop Cardan CRI90 3000K 25 гр. цв. белый (поставка Заказчика);шт;1.0
Электрика;;Светильник светодиодный 36Вт IP45 2900Лм 4000К (поставка Заказчика);шт;1.0
Электрика;;Светильник дежурного освещения светодиодный BS-ORBITA-10-L1-ELON (Белый Свет) LED 4W BS-ORBITA-10-L1-ELON;шт;1.0
Электрика;;Аварийный светильник BS-ORBITA-83-L1-INEXI3 3 часа автономной работы BS-ORBITA-83-L1-INEXI3;шт;1.0
Электрика;;"Аварийный светильник BS-531/3-4х1 INEXI SNEL LED IP42 ""Junior"" Белый свет a6522 4W 3 часа автономной работы BS-531/3-4х1 INEXI SNEL LED IP42 Белый свет";шт;1.0
Электрика;;Эвакуационный указатель MIZAR 4023-5 LED SP 4,4 Вт (271x194x248) 3 часа автономной работы MIZAR 4023-5 LED SP Световые технологии;шт;1.0
Электрика;;Ecoplast JBS080 Коробка распределительная открытой проводки 85х85х40мм, без галогена, 6 выходов, IP54;шт;1.0
Электрика;;Клеммы Wago 221, 222;шт;1.0
Электрика;;Кабель силовой медный не содержащий галогенов ППГнг(А)-HF 5х4 Конкорд;мп;1.1
Электрика;;Кабель силовой медный не содержащий галогенов ППГнг(А)-HF 5х1.5 Конкорд;мп;1.1
Электрика;;Кабель силовой медный не содержащий галогенов ППГнг(А)-HF 2х1,5 Конкорд;мп;1.1
Электрика;;Кабель силовой медный не содержащий галогенов ППГнг(А)-HF 3х1,5 Конкорд;мп;1.1
Электрика;;Кабель силовой медный не содержащий галогенов ППГнг(А)-HF 3х2,5 Конкорд;мп;1.1
Электрика;;Провод ПуГПнг(А)-HF 1х6, желто-зеленый ПуГПнг(А)-HF 1х6;мп;1.1
Электрика;;Кабель с медными жилами КА210 нг(А)-HF 2x1.0 КА210 нг(А)-HF 2x1.0;мп;1.1
Электрика;;Труба ПЛЛ гибкая гофрированная не содержит галогенов 25мм Гофр. диам. 25 мм Промрукав;мп;1.02
Электрика;;Труба ПЛЛ гибкая гофрированная не содержит галогенов 20мм Гофр. диам. 20 мм Промрукав;мп;1.02
Электрика;;Труба ПЛЛ гибкая гофрированная не содержит галогенов 16мм Гофр. диам. 16 мм Промрукав;мп;1.02
Электрика;DKC;Лоток металлический перфорированный DKC, l=3м, 200х50 l=3м, 200х50 ДКС;шт;1.0
Электрика;DKC;Лоток металлический перфорированный DKC, l=3м, 100х50 l=3м, 100х50 ДКС;шт;1.0
Электрика;DKC;Лоток металлический перфорированный DKC, l=3м, 50х50 l=3м, 50х50 ДКС;шт;1.0
Электрика;;Кабель силовой медный, не распространяющие горение, с понижен- ным дымо- и газовыделением, огнестойкий. (для аварийного и эва- куационного освещения) ППГнг(А)-FRHF 3х1,5 Конкорд;мп;1.02
Электрика;;Ecoplast JBS100 Коробка огнестойкая E60-E90, о/п 100х100х55, без галогена, 6 вых., IP55, 3P 43007HF JBS100 Ecoplast;шт;1.0
Электрика;DKC;Труба ПЛЛ гибкая гофрированная не содержит галогенов 20мм ПЛЛ Ду20 DKC;мп;1.02
Электрика;;Реверсивный рубильник OT40F3C до 40A 3х полюсный для установки на DIN-рейку или плату (c ручкой) (выключатель нагрузки) 1SCA104913R1001;шт;1.0
Электрика;;Лоток перфорированный 50x150х3000;шт;1.0
Электрика;;Трубопровод полипропиленовый PPRC SDR6 PN25 ф40х6,7;мп;1.05
Электрика;;Трубопровод PPRC PN10 ф32х3,0;мп;1.05
Электрика;;Диффузор круглый ф160 ДПУ-М «Арктос»;шт;1.0
Электрика;;Автоматический выключатель дифференциального тока (АВДТ) 2п.C16A, 30мА, Io.c=6кА, Тип AC DS201 АВВ;шт;
Электрика;;Автоматический выключатель 1п.C10A, Io.c=6кА S201 АВВ;шт;
Электрика;;Автоматический выключатель 4п.С32А, Iо.с=6кА S204 АВВ;шт;
Электрика;;Выключатель дифференциального тока 4п.40А тип АС-S F204 АВВ;шт;
Электрика;;Лоток перфорированный 200х50х3000;шт;1.0
Электрика;;Пульт управления проводной для настенной установки GR2003DA General Climate;шт;1.0
Электрика;Danfoss;Автоматический воздухоотводчик ∅1/2'' (Ду15) Danfoss;шт;1.0
Электрика;Valtec;Трубопровод из полипропиленовых труб PN20 ∅32х4,4 PP-Fiber Valtec;мп;1.05
Электрика;;Трубопровод из полипропиленовых труб PN10 ∅25x2,3 TEBO;мп;1.05
Электрика;;Щит согласно спецификации;шт;1.0
Электрика;;Автоматические выключатели на отходящих линиях 380В,50Гц, 25А ВА-103-C DEKraft;шт;1.0
Электрика;DKC;Шинная клемма для кабеля, сечение шины 10 мм, кабель 1,5-16 мм R5BC1016 DKC;шт;1.0
Электрика;;Встраиваемый светильник 3500К, 10W;шт;1.0
Электрика;;Встраиваемый светильник 3500К, 35W;шт;1.0
Электрика;;Светильник аварийный ДПА 2104 непостоянного действия 60 LED, 4 ч, IP20;шт;1.0
Электрика;IEK;Светильник аварийно-эвакуационный светодиодный ССА3002 сменный знак, 3 ч, 3 Вт (IEK);шт;1.0
Электрика;;Выключатель одноклавишный, для скрытой установки, 220 В, IP 20, 10А;шт;1.0
Электрика;;Штепсельная розетка с третьим защитным проводником для скрытой проводки, 16А, 250V, степень защиты IP20, 50Гц, цвет белый;шт;1.0
Электрика;;Коробка распаячная IP44;шт;1.0
Электрика;;Кабельный лоток 100х50х3000мм;шт;1.0
Электрика;;Кабель с медными жилами, безгалогенный (HF) 2х1,5кв.мм ППГнг(А)-HF;мп;1.02
Электрика;;Кабель с медными жилами, безгалогенный (HF) 3х1,5кв.мм ППГнг(А)-HF;мп;1.02
Электрика;;Кабель с медными жилами, безгалогенный (HF) 3х2,5кв.мм ППГнг(А)-HF;мп;1.02
Электрика;;Кабель с медными жилами, безгалогенный (HF) вводной 5х4кв.мм ППГнг(А)-HF;мп;1.02
Электрика;;Комплект для подключения вводного кабеля: автомат, клеммы;комп;1.0
Электрика;;Кабель с медными жилами, безгалогенный (HF) 3х1,5кв.мм ППГнг(А)-FRHF;мп;1.02
Электрика;;Провод с медными жилами. Рабочее напряжение до 450 В. 1х4кв.мм ПуГПнг(А)-HF;мп;1.02
Электрика;;Труба гофрированная ПЛЛ для защиты проводов и кабелей от механических повреждений, влаги, грязи. Цвет: серый. Изготовлен из полиолефинов d=20мм;мп;1.02
Электрика;;Труба гладкая для защиты проводов и кабелей от механических повреждений, влаги, грязи.Цвет: серый. Изготовлен из полиэтилена низкого давления d=25мм;мп;1.05
Электрика;Danfoss;"Автоматический воздухоотводчик Ø1/2"" 065B822300 Danfoss";шт;1.0
Электрика;IEK;Щит распределительный индивидуального изготовления в комплекте с шинами N,PЕ навесной, IP65 (ЩаР3.13) ЩРн-96 IEK;компл;1.0
Электрика;ABB;Автоматический выключатель трехполюсный с комбинированным расцепителем вводной, 380B S203 С20А ABB;шт;1.0
Электрика;ABB;Автоматический выключатель дифференциального тока вводной, 380B F204 С40А/300мА ABB;шт;1.0
Электрика;ABB;Автоматический выключатель двухполюсный, 220В SH202 C6А ABB;шт;1.0
Электрика;ABB;Автоматический выключатель однополюсный с комбинированным расцепителем, 220В S201 C6А ABB;шт;1.0
Электрика;ABB;Автоматический выключатель трехполюсный с комбинированным расцепителем, 380В S203 C10А ABB;шт;1.0
Электрика;ABB;Автоматический выключатель однополюсный с комбинированным расцепителем, 220В S201 C10А ABB;шт;1.0
Электрика;ABB;Автоматический выключатель однополюсный с комбинированным расцепителем, 220В S201 C16А ABB;шт;1.0
Электрика;ABB;Автоматический выключатель дифференциального тока двухполюсный, 220В DS201 C10А/30мА ABB;шт;1.0
Электрика;ABB;Автоматический выключатель дифференциального тока двухполюсный, 220В DS201 C16А/30мА ABB;шт;1.0
Электрика;;Светильник аварийный потолочный светодиодный непост.действия (с АБ на не менее 3 часа работы), 230В IP65 Универсальный аварийный светильник PL EML 2.0;шт;1.0
Электрика;;Световой указатель аварийный светодиодный непост.действия (с АБ на не менее 3 часа работы), 230В IP65 Универсальный аварийный светильник PL EML 1.0;шт;1.0
Электрика;;Трековый светильник IP44 TLE-GOAL_43W_38D_4000K_CRI90 (поставка Заказчика);шт;1.0
Электрика;;Светодиодный светильник CSVT Айсберг-57/MILKY IP44 (поставка Заказчика);шт;1.0
Электрика;Legrand;Выключатель одноклавишный 10А 220В Legrand;шт;1.0
Электрика;Legrand;Розетка HDMI Legrand;шт;1.0
Электрика;Legrand;Розетк UTP Legrand;шт;1.0
Электрика;Legrand;Розетка внутрипольная одноместная, 220В 16А IP20 Legrand;шт;1.0
Электрика;Legrand;Розетка штепсельная двухполюсная одноместная с защитным контактом накладная, 220В 16А IP20 Legrand;шт;1.0
Электрика;Legrand;Розетка штепсельная двухполюсная одноместная с защитным контактом скрытой установки с защитными шторками, 220В 16А IP20 Legrand;шт;1.0
Электрика;DKC;Труба гибкая гофрированная электротехническая из самозатухающего ПВХ- пластиката с кондуктором: d=16 мм 91916 DKC;мп;1.02
Электрика;DKC;Труба гибкая гофрированная электротехническая из самозатухающего ПВХ- пластиката с кондуктором: d=20 мм. ) 91920 DKC;мп;1.02
Электрика;;Кабель с медными жилами, не распространяющие горения, с изоляцией и оболочкой из полимерных композиций, не содержащих галогенов, сечением 3х1,5 мм.кв. ППГнг(A)-FRHF ЗАО СПКБ Техно;мп;1.02
Электрика;;Кабель, не распространяющие горения, с изоляцией и оболочкой из полимерных композиций, не содержащих галогенов, сечением 2х1,5 мм.кв. ППГнг(A)-FRHF ЗАО СПКБ Техно;мп;1.02
Электрика;;"Труба ПЛЛ гибкая гофрированная не содержащая галогенов, ПВ-0, с протяжкой, d=25 мм; PR02.0216 ""ПРОМРУКАВ""";мп;1.02
Электрика;;"Коробка огнестойкая для о/п двухкомпонентная 100х100х40 мм 60-0303-FR2.5-8 E15-E120 ""ПРОМРУКАВ""";шт;1.0
Электрика;;"Лоток металлический не перфорированный с крышкой 50х50х3000мм ""ПРОМРУКАВ""";шт;1.0
Электрика;;Коробка монтажная разветвительная для скрытой проводки ЭТМ;шт;1.0
Электрика;;Огнеупорные коробки с керамическими клеммниками;шт;1.0
Электрика;;Лоток металлический перфорированный100х50х3000 мм;мп;1.0
Электрика;;Лоток металлический перфорированный 50х50х3000 мм;мп;1.0
Электрика;;Кабель HDMI;мп;1.02
Электрика;;Пластиковый диффузор ДПУ-М 125 Арктос;шт;1.0
Электрика;;Воздуховод гибкий гофрированный ø200 SONODUCT Арктос;мп;1.05
Электрика;;Щит распределительный ЩРн-60;шт;1.0
Электрика;;Распределительная коробка открытой установки IP20-23;шт;1.0
Электрика;;Распределительная коробка открытой установки огнестойкая;шт;1.0
Электрика;;Гофрированная ПЛЛ труба с протяжкой Ф20 мм;мп;1.02
Электрика;;Лоток перфорированный АО 50x50х3000;шт;1.0
Электрика;;Лоток перфорированный слаботочный 50x50х3000;шт;1.0
Электрика;;Lumixon, optima.opl eco led 595 (40) 3000K IP40 (поставка Заказчика);шт;1.0
Электрика;;Шинопровод 3-х фазный 1850 м, RAL 9001 (поставка Заказчика);мп;1.0
Электрика;;Шинопровод (поставка заказчика);мп;1.0
Электрика;;Воздуховод гибкий гофрированный 160;мп;1.05
Электрика;;Щелевой диффузор угловой РЭД-ЛУК-РУ*-У-П(RAL9005Муар)-3щ-300х30 0,0 бок,без УЗ,Фикс;шт;1.0
Электрика;;Розетка одинарная встраиваемая 230В Schneider Merten D-life нерж сталь;шт;1.0
Электрика;;Розетка одинарная встраиваемая 230В Schneider Atlas Design алюминий;шт;1.0
Электрика;;Розетка одинарная встраиваемая 230В (поставка Заказчика);шт;1.0
Электрика;;Выключатель встраиваемый одноклавишный 230В IP20-23 (поставка Заказчика);шт;1.0
Электрика;;Коробка уравнивания потенциалов на 8 вводов;шт;1.0
Электрика;;Кабель ППГнг(А)-HF 3х1,5мм2;мп;1.12
Электрика;;Кабель ППГнг(А)-FRHF 3х1,5мм2;мп;1.12
Электрика;;Кабель ППГнг(А)-HF 3х2,5мм2;мп;1.12
Электрика;;Кабель ППГнг(А)-HF 3х4мм2;мп;1.12
Электрика;;Кабель ПуГПнг(А)-HF 1х4мм2 желто-зеленый;мп;1.12
Электрика;;Кабель ППГнг HF 5х4 мм2;мп;1.12
Электрика;;Труба гофрированная ПЛЛ диам.20 мм;мп;1.0
Электрика;;Встроенный поворотный светильник Aledo RC-Sonic 93-12-9030-60 (поставка Заказчика);шт;1.0
Электрика;;Настенный светильник (поставка Заказчика);шт;1.0
Электрика;;ВЫХОД Светильник аварийный светодиодный MIZAR SP 3.2вт LED 3ч постоянный (4502001210) E-12 MIZAR 4023-4 Led SР Световые технологии;шт;1.0
Электрика;;Светильник аварийный BS-METEOR-53-L1-INEXI2 автономный Белый свет a15945;шт;1.0
